Time,PosX,PosY,PosZ,VelX,VelY,VelZ,Speed,SteeringAngle,Acceleration,PathDeviation,Phase,CheckpointID
0.100,-0.400,0.620,230.930,0.000,-0.618,0.010,0.618,0.000,6.422,0.000,driving,-1
0.220,-0.400,0.594,230.930,-0.001,-0.004,0.007,0.008,0.000,3.034,0.000,driving,-1
0.340,-0.400,0.603,230.929,0.000,0.078,0.000,0.078,0.000,0.375,0.000,driving,-1
0.460,-0.400,0.608,230.929,0.000,0.012,-0.001,0.012,0.000,0.441,0.000,driving,-1
0.580,-0.400,0.607,230.930,0.000,-0.008,0.000,0.008,0.000,0.021,0.000,driving,-1
0.700,-0.400,0.607,230.970,0.000,-0.003,1.001,1.001,0.000,16.538,0.000,driving,-1
0.820,-0.400,0.607,231.225,-0.001,0.000,2.917,2.917,0.000,15.534,0.000,driving,-1
0.940,-0.400,0.607,231.701,-0.001,0.000,4.697,4.697,0.000,14.306,0.000,driving,-1
1.060,-0.400,0.608,232.379,-0.001,-0.003,6.309,6.309,0.000,13.847,0.000,driving,-1
1.180,-0.400,0.608,233.241,-0.001,-0.004,7.750,7.750,0.000,10.490,0.000,driving,-1
1.300,-0.401,0.608,234.263,-0.001,0.000,9.011,9.011,0.000,7.732,0.000,driving,-1
1.420,-0.401,0.608,235.426,-0.002,0.000,10.101,10.101,0.000,4.535,0.000,driving,-1
1.540,-0.401,0.608,236.712,-0.002,0.000,11.058,11.058,0.000,3.592,0.000,driving,-1
1.660,-0.401,0.608,238.101,-0.002,0.000,11.888,11.888,0.000,4.577,0.000,driving,-1
1.780,-0.401,0.608,239.578,-0.002,0.000,12.579,12.579,0.000,4.946,0.000,driving,-1
1.900,-0.402,0.608,241.129,-0.002,0.000,13.146,13.146,0.000,4.323,0.000,driving,-1
2.020,-0.402,0.608,242.740,-0.002,0.000,13.615,13.615,0.000,3.596,0.000,driving,-1
2.140,-0.402,0.608,244.401,-0.003,0.000,14.001,14.001,0.000,2.960,0.000,driving,-1
2.260,-0.403,0.608,246.104,-0.003,0.000,14.318,14.318,0.000,2.425,0.000,driving,-1
2.380,-0.403,0.608,247.841,-0.003,0.000,14.577,14.577,0.000,1.980,0.000,driving,-1
2.500,-0.403,0.608,249.606,-0.003,0.000,14.788,14.788,0.000,1.612,0.000,driving,-1
2.620,-0.404,0.608,251.390,-0.003,0.000,14.886,14.886,0.000,0.002,0.000,driving,-1
2.740,-0.404,0.608,253.176,-0.003,0.000,14.886,14.886,0.000,0.001,0.000,driving,-1
2.860,-0.404,0.608,254.962,-0.003,0.000,14.886,14.886,0.000,0.001,0.000,driving,-1
2.980,-0.405,0.608,256.749,-0.003,0.000,14.886,14.886,0.000,0.001,0.000,driving,-1
3.100,-0.405,0.608,258.535,-0.003,0.000,14.886,14.886,0.000,0.001,0.000,driving,-1
3.220,-0.405,0.608,260.321,-0.003,0.000,14.886,14.886,0.000,0.001,0.000,driving,-1
3.340,-0.406,0.609,262.108,-0.003,0.010,14.886,14.886,0.000,0.237,0.000,driving,-1
3.460,-0.406,0.610,263.894,-0.002,-0.001,14.886,14.886,0.000,0.167,0.000,driving,-1
3.580,-0.406,0.610,265.680,-0.001,-0.003,14.886,14.886,0.000,0.039,0.000,driving,-1
3.700,-0.407,0.610,267.467,-0.001,0.000,14.886,14.886,0.000,0.013,0.000,driving,-1
3.820,-0.413,0.610,269.253,-0.215,0.000,14.882,14.883,5.937,5.260,0.000,driving,-1
3.940,-0.526,0.611,271.033,-1.651,-0.019,14.761,14.853,21.168,17.324,0.000,driving,-1
4.060,-0.890,0.612,272.776,-3.968,0.023,14.316,14.856,22.094,16.163,0.000,driving,-1
4.180,-1.448,0.612,274.471,-5.089,0.026,13.985,14.883,16.925,11.591,0.000,driving,-1
4.300,-2.193,0.610,276.089,-7.145,-0.003,13.015,14.847,33.353,22.946,0.000,driving,-1
4.420,-3.230,0.611,277.527,-9.733,0.007,11.115,14.774,45.000,28.180,0.000,driving,-1
4.540,-4.556,0.611,278.689,-11.911,0.000,8.601,14.691,45.000,27.521,0.000,driving,-1
4.660,-6.089,0.611,279.548,-13.267,-0.004,6.235,14.659,30.559,18.470,0.000,driving,-1
4.780,-7.727,0.610,280.207,-13.863,-0.004,5.094,14.769,18.048,8.347,0.000,driving,-1
4.900,-9.431,0.610,280.705,-14.455,-0.001,3.237,14.814,32.883,21.456,0.000,driving,-1
5.020,-11.191,0.610,280.889,-14.744,0.004,0.295,14.747,37.109,23.387,0.000,driving,-1
5.140,-12.956,0.612,280.769,-14.683,-0.037,-1.695,14.780,22.275,11.932,0.000,driving,-1
5.260,-14.694,0.612,280.419,-14.242,0.026,-3.970,14.785,37.803,24.115,0.000,driving,-1
5.380,-16.352,0.610,279.790,-13.579,-0.007,-5.908,14.809,21.236,11.009,0.000,driving,-1
5.500,-17.970,0.610,279.041,-13.479,0.005,-6.301,14.879,4.740,2.156,0.000,driving,-1
5.620,-19.416,0.797,278.420,-12.458,4.238,-5.048,14.094,11.512,13.125,0.000,driving,-1
5.740,-20.947,1.197,277.883,-12.661,2.378,-4.343,13.595,26.628,20.735,0.000,driving,-1
5.860,-22.394,1.312,277.469,-12.416,-0.012,-0.186,12.418,43.077,20.726,0.000,driving,-1
5.980,-23.930,1.146,277.449,-13.071,-2.352,-0.161,13.282,35.508,19.848,0.000,driving,-1
6.100,-25.535,0.706,277.433,-13.577,-4.600,-0.148,14.336,18.944,18.774,0.000,driving,-1
6.220,-25.910,0.744,277.417,-3.925,0.508,0.901,4.059,3.241,16.106,0.000,driving,-1
6.340,-26.495,0.801,277.484,-5.518,0.315,0.494,5.549,0.000,11.274,0.000,driving,-1
6.460,-27.210,0.925,277.561,-6.536,0.842,0.773,6.636,14.392,11.852,0.000,driving,-1
6.580,-28.064,0.945,277.704,-7.248,-0.699,1.299,7.396,12.292,19.536,0.000,driving,-1
6.700,-28.916,0.701,277.857,-6.991,-2.979,1.253,7.702,0.000,18.843,0.000,driving,-1
6.820,-29.797,0.575,278.025,-7.752,0.193,1.520,7.902,0.000,6.120,0.000,driving,-1
6.940,-30.836,0.610,278.229,-9.158,0.207,1.793,9.334,0.000,14.232,0.000,driving,-1
7.060,-32.007,0.616,278.459,-10.180,-0.015,1.995,10.374,0.000,9.410,0.000,driving,-1
7.180,-33.292,0.613,278.710,-11.076,-0.021,2.171,11.287,0.000,7.518,0.000,driving,-1
7.300,-34.676,0.612,278.981,-11.844,-0.002,2.280,12.062,2.620,6.473,0.000,driving,-1
7.420,-36.151,0.612,279.200,-12.598,0.001,1.309,12.666,18.228,14.267,0.000,driving,-1
7.540,-37.700,0.612,279.227,-13.098,0.003,-0.460,13.106,17.592,11.657,0.000,driving,-1
7.660,-39.302,0.610,279.132,-13.539,-0.029,-0.836,13.565,0.904,4.498,0.000,driving,-1
7.780,-40.954,0.609,279.031,-13.904,0.002,-1.078,13.946,11.348,8.134,0.000,driving,-1
7.900,-42.626,0.610,278.786,-13.865,0.004,-2.916,14.168,27.911,19.864,0.000,driving,-1
8.020,-44.242,0.611,278.248,-13.062,0.008,-5.687,14.247,43.490,27.052,0.000,driving,-1
8.140,-45.701,0.612,277.362,-11.446,-0.021,-8.521,14.269,45.000,26.861,0.000,driving,-1
8.260,-46.927,0.612,276.171,-9.246,-0.045,-10.886,14.283,45.000,28.037,0.000,driving,-1
8.380,-47.852,0.613,274.735,-6.581,0.024,-12.649,14.258,45.000,25.896,0.000,driving,-1
8.500,-48.455,0.611,273.135,-3.945,-0.018,-13.730,14.286,35.254,20.806,0.000,driving,-1
8.620,-48.805,0.613,271.451,-2.350,0.002,-14.228,14.421,21.269,9.962,0.000,driving,-1
8.740,-48.947,0.610,269.721,-0.131,-0.012,-14.490,14.490,37.978,23.186,0.000,driving,-1
8.860,-48.747,0.610,267.999,2.985,0.006,-14.143,14.454,45.000,26.662,0.000,driving,-1
8.980,-48.192,0.610,266.360,5.637,0.000,-13.304,14.449,32.019,18.681,0.000,driving,-1
9.100,-47.414,0.610,264.802,6.906,-0.004,-12.845,14.584,16.507,6.079,0.000,driving,-1
9.220,-46.578,0.610,263.251,6.854,-0.002,-13.058,14.748,0.096,6.199,0.000,driving,-1
9.340,-45.786,0.610,261.657,6.452,0.000,-13.412,14.883,0.000,3.303,0.000,driving,-1
9.460,-45.031,0.611,260.039,6.201,-0.020,-13.539,14.892,0.000,3.573,0.000,driving,-1
9.580,-44.298,0.611,258.410,6.053,0.032,-13.599,14.885,0.000,3.166,0.000,driving,-1
9.700,-43.557,0.609,256.785,6.443,-0.011,-13.412,14.880,11.079,9.245,0.000,driving,-1
9.820,-42.674,0.610,255.237,8.154,0.008,-12.418,14.856,27.565,20.755,0.000,driving,-1
9.940,-41.548,0.611,253.859,10.151,0.005,-10.828,14.843,24.976,17.647,0.000,driving,-1
10.060,-40.261,0.610,252.624,10.963,-0.006,-10.064,14.882,9.330,3.371,0.000,driving,-1
10.180,-38.974,0.610,251.386,10.381,-0.002,-10.649,14.871,10.324,12.284,0.000,driving,-1
10.300,-37.839,0.612,250.013,8.738,-0.021,-12.033,14.871,26.849,19.480,0.000,driving,-1
10.420,-36.967,0.612,248.467,6.073,-0.023,-13.506,14.809,42.464,28.462,0.000,driving,-1
10.540,-36.470,0.613,246.771,2.718,0.039,-14.468,14.721,42.580,27.271,0.000,driving,-1
10.660,-36.329,0.611,245.014,0.198,-0.050,-14.726,14.727,26.097,16.592,0.000,driving,-1
10.780,-36.391,0.609,243.240,-0.798,0.003,-14.829,14.850,10.368,3.119,0.000,driving,-1
10.900,-36.467,0.610,241.456,-0.441,0.003,-14.875,14.882,0.000,4.005,0.000,driving,-1
11.020,-36.457,0.610,239.671,0.658,0.002,-14.854,14.868,14.020,14.308,0.000,driving,-1
11.140,-36.227,0.610,237.906,2.954,0.006,-14.554,14.850,30.023,22.697,0.000,driving,-1
11.260,-35.730,0.611,236.194,4.771,-0.003,-14.093,14.878,13.854,9.327,0.000,driving,-1
11.380,-35.136,0.610,234.510,4.867,-0.005,-14.064,14.882,2.464,5.068,0.000,driving,-1
11.500,-34.637,0.610,232.797,3.498,0.003,-14.447,14.864,17.814,16.338,0.000,driving,-1
11.620,-34.387,0.614,231.036,0.956,0.111,-14.779,14.810,27.264,23.367,0.000,driving,-1
11.740,-34.427,0.686,229.261,-0.886,1.060,-14.772,14.836,11.355,14.196,0.000,driving,-1
11.860,-34.528,0.904,227.498,-0.852,2.209,-14.675,14.865,6.782,16.643,0.000,driving,-1
11.980,-34.656,1.264,225.769,-1.000,3.214,-14.419,14.807,0.000,17.897,0.000,driving,-1
12.100,-34.754,1.725,224.076,-0.701,3.982,-14.091,14.659,0.000,14.010,0.000,driving,-1
12.220,-34.835,2.241,222.421,-0.733,4.446,-13.743,14.463,6.922,10.157,0.000,driving,-1
12.340,-35.012,2.786,220.809,-2.037,4.494,-13.269,14.157,22.946,15.944,0.000,driving,-1
12.460,-35.406,3.296,219.258,-4.196,4.085,-12.681,13.968,39.659,21.708,0.000,driving,-1
12.580,-36.100,3.739,217.822,-6.868,3.410,-11.519,13.837,45.000,23.781,0.000,driving,-1
12.700,-37.090,4.097,216.557,-9.251,2.658,-9.906,13.813,45.000,24.324,0.000,driving,-1
12.820,-38.338,4.361,215.513,-11.256,1.903,-7.864,13.862,45.000,24.082,0.000,driving,-1
12.940,-39.797,4.534,214.739,-12.814,1.147,-5.443,13.969,45.000,23.792,0.000,driving,-1
13.060,-41.406,4.619,214.275,-13.836,0.416,-2.742,14.111,45.000,24.093,0.000,driving,-1
13.180,-43.095,4.628,214.136,-14.233,-0.097,-0.126,14.234,31.303,18.293,0.000,driving,-1
13.300,-44.811,4.613,214.234,-14.355,-0.087,1.234,14.408,16.512,5.496,0.000,driving,-1
13.420,-46.548,4.610,214.379,-14.561,0.010,1.023,14.597,0.085,6.618,0.000,driving,-1
13.540,-48.311,4.612,214.461,-14.768,0.007,0.501,14.777,0.000,3.639,0.000,driving,-1
13.660,-50.093,4.612,214.501,-14.883,-0.002,0.218,14.885,0.000,1.846,0.000,driving,-1
13.780,-51.879,4.612,214.515,-14.885,-0.001,0.057,14.885,0.000,1.037,0.000,driving,-1
13.900,-53.533,4.815,214.514,-13.225,4.721,-0.053,14.043,0.000,1.724,0.000,driving,-1
14.020,-55.138,5.268,214.506,-13.199,2.776,-0.063,13.487,0.000,20.842,0.000,driving,-1
14.140,-56.689,5.432,214.499,-12.730,0.372,-0.061,12.736,0.000,20.103,0.000,driving,-1
14.260,-58.184,5.314,214.492,-12.279,-1.946,-0.059,12.432,0.000,19.390,0.000,driving,-1
14.380,-59.627,4.923,214.485,-11.844,-4.183,-0.057,12.561,0.000,18.702,0.000,driving,-1
14.500,-60.815,4.922,214.477,-10.661,1.168,-0.081,10.725,0.000,20.230,0.000,driving,-1
14.620,-62.093,4.976,214.466,-10.833,-0.073,-0.098,10.833,0.000,19.869,0.000,driving,-1
14.740,-63.359,4.807,214.455,-8.297,3.201,-0.095,8.894,9.327,282.523,0.000,driving,-1
14.860,-64.339,5.083,214.483,-8.158,1.305,0.275,8.266,3.619,20.165,0.000,driving,-1
14.980,-65.297,5.074,214.515,-7.868,-1.046,0.265,7.942,0.000,19.450,0.000,driving,-1
15.100,-66.222,4.789,214.547,-7.589,-3.315,0.256,8.285,0.000,18.760,0.000,driving,-1
15.220,-66.839,4.820,214.615,-5.169,1.663,0.652,5.469,0.000,18.680,0.000,driving,-1
15.340,-67.571,4.952,214.692,-6.647,0.770,0.629,6.721,0.000,9.182,0.000,driving,-1
15.460,-68.423,5.084,214.767,-7.661,0.616,0.593,7.709,4.125,15.874,0.000,driving,-1
15.580,-69.323,4.995,214.837,-7.389,-1.712,0.572,7.606,7.526,19.234,0.000,driving,-1
15.700,-70.086,4.781,214.894,-6.584,1.052,0.425,6.681,0.000,25.459,0.000,driving,-1
15.820,-70.955,4.849,214.943,-7.585,0.764,0.375,7.633,0.000,9.844,0.000,driving,-1
15.940,-71.933,4.920,214.989,-8.615,-0.270,0.366,8.627,0.000,15.118,0.000,driving,-1
16.060,-72.945,4.726,215.032,-8.309,-2.566,0.353,8.704,0.000,19.012,0.000,driving,-1
16.180,-73.941,4.565,215.071,-8.908,0.189,0.344,8.916,0.000,16.601,0.000,driving,-1
16.300,-75.084,4.605,215.114,-10.016,0.237,0.365,10.026,0.000,12.977,0.000,driving,-1
16.420,-76.353,4.612,215.159,-10.961,-0.017,0.390,10.968,0.000,7.942,0.000,driving,-1
16.540,-77.728,4.609,215.208,-11.785,-0.020,0.413,11.792,0.000,6.506,0.000,driving,-1
16.660,-79.191,4.608,215.259,-12.480,0.001,0.435,12.488,0.000,5.402,0.000,driving,-1
16.780,-80.731,4.609,215.313,-13.058,0.002,0.500,13.068,2.804,5.013,0.000,driving,-1
16.900,-82.325,4.608,215.441,-13.412,-0.050,1.651,13.513,18.968,13.630,0.000,driving,-1
17.020,-83.934,4.567,215.770,-13.410,-0.664,3.632,13.909,34.584,20.460,0.000,driving,-1
17.140,-85.500,4.415,216.389,-12.782,-1.626,6.330,14.356,45.000,24.489,0.000,driving,-1
17.260,-86.955,4.171,217.332,-11.566,-2.401,8.952,14.822,45.000,25.474,0.000,driving,-1
17.380,-88.212,3.797,218.551,-9.797,-3.682,10.680,14.953,45.000,19.019,0.000,driving,-1
17.500,-89.354,3.215,219.810,-9.026,-5.344,10.684,14.973,45.000,27.258,0.000,driving,-1
17.620,-90.286,2.596,221.209,-7.018,-5.067,12.302,15.042,30.491,18.118,0.000,driving,-1
17.740,-91.039,2.046,222.734,-5.742,-4.548,13.024,14.942,23.901,14.312,0.000,driving,-1
17.860,-91.576,1.540,224.348,-3.203,-3.762,13.860,14.715,40.145,31.113,0.000,driving,-1
17.980,-91.718,1.156,226.066,0.120,-2.846,14.469,14.747,34.467,24.214,0.000,driving,-1
18.100,-91.553,0.863,227.819,2.022,-2.104,14.507,14.797,17.848,13.023,0.000,driving,-1
18.220,-91.290,0.664,229.580,2.135,-1.316,14.593,14.807,1.803,10.726,0.000,driving,-1
18.340,-91.083,0.582,231.355,1.548,-0.207,14.636,14.719,0.000,15.391,0.000,driving,-1
18.460,-90.911,0.599,233.134,1.362,0.257,14.796,14.860,0.000,2.001,0.000,driving,-1
18.580,-90.752,0.614,234.912,1.292,0.032,14.829,14.885,0.000,1.680,0.000,driving,-1
18.700,-90.600,0.612,236.691,1.245,-0.024,14.833,14.885,0.000,0.336,0.000,driving,-1
18.820,-90.453,0.611,238.472,1.217,-0.001,14.836,14.886,0.000,0.235,0.000,driving,-1
18.940,-90.312,0.611,240.252,1.053,0.004,14.847,14.884,5.386,4.957,0.000,driving,-1
19.060,-90.262,0.612,242.037,0.042,0.001,14.884,14.884,6.363,4.574,0.000,driving,-1
19.180,-90.257,0.612,243.823,0.085,-0.001,14.885,14.886,0.000,0.792,0.000,driving,-1
19.300,-90.241,0.612,245.609,0.156,0.000,14.885,14.886,0.000,0.480,0.000,driving,-1
19.420,-90.219,0.612,247.395,0.200,0.000,14.884,14.886,0.000,0.298,0.000,driving,-1
19.540,-90.193,0.612,249.182,0.227,0.000,14.884,14.886,0.000,0.180,0.000,driving,-1
19.660,-90.164,0.612,250.968,0.244,0.000,14.884,14.886,0.000,0.106,0.000,driving,-1
19.780,-90.137,0.725,252.572,0.254,4.701,13.149,13.967,0.000,2.706,0.000,driving,-1
19.900,-90.106,1.193,254.167,0.256,2.949,13.150,13.479,0.000,20.891,0.000,driving,-1
20.020,-90.076,1.377,255.712,0.247,0.539,12.684,12.697,0.000,20.150,0.000,driving,-1
20.140,-90.047,1.278,257.202,0.238,-1.786,12.234,12.366,0.000,19.435,0.000,driving,-1
20.260,-90.019,0.906,258.640,0.230,-4.028,11.800,12.471,0.000,18.746,0.000,driving,-1
20.380,-89.993,0.903,259.879,0.231,1.426,10.840,10.935,0.000,13.472,0.000,driving,-1
20.500,-89.966,0.966,261.167,0.227,0.089,11.025,11.027,0.000,13.091,0.000,driving,-1
20.620,-89.939,0.814,262.463,0.219,-2.219,10.634,10.865,0.000,19.220,0.000,driving,-1
20.740,-89.917,0.779,263.593,0.187,1.424,10.260,10.360,0.000,12.819,0.000,driving,-1
20.860,-89.894,0.951,264.870,0.182,1.657,10.787,10.915,0.000,5.754,0.000,driving,-1
20.980,-89.824,1.223,266.195,1.054,2.602,10.950,11.304,15.198,17.234,0.000,driving,-1
21.100,-89.554,1.591,267.514,3.077,3.248,10.620,11.524,26.102,20.367,0.000,driving,-1
21.220,-89.090,2.022,268.787,4.118,3.751,10.322,11.729,10.272,14.953,0.000,driving,-1
21.340,-88.541,2.511,270.032,5.016,4.171,9.996,11.936,20.131,18.094,0.000,driving,-1
21.460,-87.796,3.024,271.157,6.970,4.209,8.637,11.870,36.487,24.391,0.000,driving,-1
21.580,-86.798,3.506,272.057,9.093,3.752,6.481,11.780,45.000,26.453,0.000,driving,-1
21.700,-85.579,3.902,272.664,10.747,2.888,3.951,11.809,45.000,25.354,0.000,driving,-1
21.820,-84.205,4.166,272.952,11.833,1.652,1.286,12.017,45.000,24.913,0.000,driving,-1
21.940,-82.745,4.259,272.934,12.400,0.134,-1.034,12.444,36.790,20.756,0.000,driving,-1
22.060,-81.238,4.170,272.710,12.764,-1.356,-2.365,13.051,25.492,16.199,0.000,driving,-1
22.180,-79.713,3.892,272.311,12.617,-3.033,-4.184,13.634,41.568,24.173,0.000,driving,-1
22.300,-78.277,3.428,271.622,11.392,-4.356,-6.933,14.029,45.000,29.193,0.000,driving,-1
22.420,-77.060,2.859,270.586,9.145,-4.914,-9.772,14.257,45.000,31.268,0.000,driving,-1
22.540,-76.160,2.263,269.245,6.253,-4.922,-12.028,14.422,45.000,30.180,0.000,driving,-1
22.660,-75.586,1.697,267.692,3.923,-4.491,-13.375,14.644,28.799,16.119,0.000,driving,-1
22.780,-75.171,1.208,266.028,3.277,-3.662,-13.963,14.803,12.611,10.760,0.000,driving,-1
22.900,-74.723,0.847,264.330,4.060,-2.471,-13.932,14.721,0.000,16.940,0.000,driving,-1
23.020,-74.177,0.634,262.641,4.690,-1.322,-13.840,14.673,0.000,17.600,0.000,driving,-1
23.140,-73.631,0.566,260.944,4.098,-0.193,-14.021,14.609,13.922,21.930,0.000,driving,-1
23.260,-73.271,0.598,259.206,2.303,0.334,-14.610,14.794,19.233,12.389,0.000,driving,-1
23.380,-73.049,0.614,257.436,1.731,0.013,-14.782,14.883,3.145,1.843,0.000,driving,-1
23.500,-72.818,0.610,255.666,2.026,-0.031,-14.746,14.884,0.000,2.082,0.000,driving,-1
23.620,-72.583,0.621,254.053,2.227,4.931,-12.820,13.915,0.000,254.802,0.000,driving,-1
23.740,-72.312,1.166,252.492,2.241,3.764,-12.960,13.681,0.000,21.132,0.000,driving,-1
23.860,-72.049,1.446,250.969,2.161,1.325,-12.501,12.755,0.000,20.383,0.000,driving,-1
23.980,-71.795,1.439,249.500,2.085,-1.028,-12.057,12.279,0.000,19.660,0.000,driving,-1
24.100,-71.550,1.156,248.083,2.011,-3.297,-11.630,12.254,0.000,18.963,0.000,driving,-1
24.220,-71.342,0.839,246.908,1.867,2.629,-9.157,9.708,0.000,14.902,0.000,driving,-1
24.340,-71.112,1.037,245.761,1.914,0.736,-9.536,9.754,0.000,20.058,0.000,driving,-1
24.460,-70.887,0.962,244.640,1.846,-1.596,-9.198,9.516,0.000,19.347,0.000,driving,-1
24.580,-70.672,0.619,243.563,1.713,-3.498,-8.737,9.565,6.821,10.283,0.000,driving,-1
24.700,-70.377,0.580,242.487,3.260,0.249,-9.323,9.879,22.732,19.975,0.000,driving,-1
24.820,-69.842,0.608,241.376,5.357,0.141,-9.168,10.619,39.250,18.765,0.000,driving,-1
24.940,-69.063,0.612,240.300,7.123,-0.010,-8.865,11.372,23.217,10.807,0.000,driving,-1
25.060,-68.147,0.610,239.221,7.880,-0.014,-9.172,12.092,7.206,5.671,0.000,driving,-1
25.180,-67.199,0.610,238.064,7.914,-0.001,-9.950,12.714,0.000,5.914,0.000,driving,-1
25.300,-66.257,0.610,236.817,7.653,0.003,-10.790,13.228,10.661,11.092,0.000,driving,-1
25.420,-65.430,0.610,235.435,6.189,0.004,-12.066,13.561,26.368,19.499,0.000,driving,-1
25.540,-64.845,0.611,233.903,3.969,0.002,-13.193,13.777,25.880,17.767,0.000,driving,-1
25.660,-64.457,0.611,232.276,2.938,-0.015,-13.767,14.077,9.730,4.431,0.000,driving,-1
25.780,-64.087,0.612,230.607,3.244,0.024,-13.988,14.359,0.000,5.314,0.000,driving,-1
25.900,-63.675,0.609,228.915,3.554,-0.010,-14.167,14.606,0.000,2.620,0.000,driving,-1
26.020,-63.234,0.610,227.203,3.751,0.005,-14.327,14.809,0.000,1.838,0.000,driving,-1
26.140,-62.776,0.610,225.478,3.852,0.001,-14.379,14.886,0.000,0.551,0.000,driving,-1
26.260,-62.321,0.612,223.751,3.577,0.024,-14.450,14.886,8.689,7.451,0.000,driving,-1
26.380,-62.002,0.609,221.997,1.824,-0.008,-14.746,14.858,25.024,19.727,0.000,driving,-1
26.500,-61.975,0.611,220.219,-1.009,0.013,-14.786,14.820,37.026,25.026,0.000,driving,-1
26.620,-62.266,0.611,218.467,-3.249,-0.006,-14.477,14.837,21.142,13.336,0.000,driving,-1
26.740,-62.719,0.613,216.741,-4.057,0.011,-14.316,14.880,14.356,6.141,0.000,driving,-1
26.860,-63.322,0.609,215.064,-5.909,-0.024,-13.624,14.850,30.775,21.436,0.000,driving,-1
26.980,-64.169,0.610,213.497,-7.661,0.014,-12.750,14.874,18.503,10.470,0.000,driving,-1
27.100,-65.118,0.610,211.984,-7.915,-0.002,-12.602,14.881,2.228,2.975,0.000,driving,-1
27.220,-66.038,0.610,210.454,-7.542,-0.002,-12.831,14.884,0.000,2.797,0.000,driving,-1
27.340,-66.976,0.610,208.934,-8.203,-0.001,-12.408,14.874,16.483,12.648,0.000,driving,-1
27.460,-68.078,0.610,207.535,-9.931,0.005,-11.047,14.855,25.799,18.797,0.000,driving,-1
27.580,-69.337,0.610,206.270,-10.552,-0.003,-10.491,14.880,1.837,6.076,0.000,driving,-1
27.700,-70.533,0.610,204.947,-9.423,0.000,-11.494,14.862,17.643,16.832,0.000,driving,-1
27.820,-71.521,0.611,203.467,-7.266,0.010,-12.938,14.839,33.795,24.453,0.000,driving,-1
27.940,-72.189,0.611,201.825,-4.337,0.002,-14.132,14.783,35.651,24.329,0.000,driving,-1
28.060,-72.549,0.611,200.089,-2.231,-0.009,-14.646,14.815,19.809,12.233,0.000,driving,-1
28.180,-72.731,0.610,198.315,-0.799,-0.003,-14.841,14.862,25.648,17.601,0.000,driving,-1
28.300,-72.643,0.610,196.540,1.957,0.004,-14.686,14.816,41.163,26.346,0.000,driving,-1
28.420,-72.250,0.613,194.809,3.628,-0.065,-14.384,14.835,3.427,4.499,0.000,driving,-1
28.540,-71.920,0.609,193.058,1.937,-0.005,-14.731,14.858,19.870,18.654,0.000,driving,-1
28.660,-71.871,0.610,191.280,-0.776,0.018,-14.811,14.832,35.631,25.390,0.000,driving,-1
28.780,-72.195,0.612,189.538,-4.081,0.003,-14.195,14.770,40.679,26.881,0.000,driving,-1
28.900,-72.861,0.611,187.900,-6.425,-0.010,-13.298,14.769,24.305,15.995,0.000,driving,-1
29.020,-73.784,0.610,186.390,-8.699,0.001,-11.916,14.754,40.908,26.023,0.000,driving,-1
29.140,-74.999,0.611,185.115,-11.078,0.002,-9.625,14.675,45.000,27.468,0.000,driving,-1
29.260,-76.451,0.611,184.131,-12.700,-0.003,-7.267,14.632,32.704,20.009,0.000,driving,-1
29.380,-78.003,0.610,183.296,-12.803,-0.007,-7.304,14.740,8.362,13.370,0.000,driving,-1
29.500,-79.465,0.610,182.298,-11.639,0.006,-9.091,14.769,24.723,20.981,0.000,driving,-1
29.620,-80.726,0.611,181.060,-9.565,0.011,-11.221,14.744,40.277,27.511,0.000,driving,-1
29.740,-81.674,0.612,179.576,-6.634,-0.002,-13.108,14.691,45.000,28.885,0.000,driving,-1
29.860,-82.248,0.611,177.917,-3.423,-0.005,-14.226,14.632,45.000,28.050,0.000,driving,-1
29.980,-82.463,0.611,176.179,-0.779,-0.004,-14.602,14.623,28.160,17.348,0.000,driving,-1
30.100,-82.457,0.613,174.416,0.485,0.012,-14.741,14.749,18.577,9.493,0.000,driving,-1
30.220,-82.268,0.612,172.654,2.525,-0.056,-14.590,14.807,34.050,20.067,0.000,driving,-1
30.340,-81.756,0.610,170.963,5.528,-0.002,-13.641,14.718,39.794,25.218,0.000,driving,-1
30.460,-80.936,0.614,169.402,7.545,0.088,-12.636,14.717,23.720,11.537,0.000,driving,-1
30.580,-79.935,0.610,167.940,9.057,-0.033,-11.693,14.790,31.181,20.032,0.000,driving,-1
30.700,-78.706,0.610,166.669,11.044,0.009,-9.758,14.737,34.313,21.646,0.000,driving,-1
30.820,-77.296,0.610,165.596,12.105,0.001,-8.529,14.809,17.476,7.732,0.000,driving,-1
30.940,-75.828,0.610,164.582,12.194,-0.004,-8.525,14.878,1.106,4.968,0.000,driving,-1
31.060,-74.388,0.610,163.527,11.897,0.000,-8.942,14.883,0.000,3.240,0.000,driving,-1
31.180,-72.973,0.610,162.437,11.729,0.000,-9.164,14.885,0.000,1.796,0.000,driving,-1
31.300,-71.572,0.610,161.329,11.633,0.000,-9.287,14.885,0.000,1.012,0.000,driving,-1
31.420,-70.178,0.610,160.211,11.640,0.000,-9.278,14.885,3.708,2.659,0.000,driving,-1
31.540,-68.739,0.610,159.156,12.358,0.001,-8.266,14.867,19.118,15.732,0.000,driving,-1
31.660,-67.172,0.610,158.312,13.569,0.007,-6.009,14.840,35.692,24.711,0.000,driving,-1
31.780,-65.473,0.611,157.810,14.502,0.005,-2.802,14.770,45.000,28.497,0.000,driving,-1
31.900,-63.713,0.611,157.697,14.705,-0.005,0.286,14.708,34.424,22.157,0.000,driving,-1
32.020,-61.953,0.610,157.867,14.646,-0.006,1.994,14.782,17.815,8.486,0.000,driving,-1
32.140,-60.191,0.610,158.132,14.721,-0.003,2.169,14.880,1.780,4.160,0.000,driving,-1
32.260,-58.423,0.610,158.385,14.696,-0.002,2.333,14.880,12.590,7.760,0.000,driving,-1
32.380,-56.686,0.610,158.786,14.235,0.002,4.242,14.854,29.898,21.262,0.000,driving,-1
32.500,-55.020,0.610,159.422,13.700,0.003,5.805,14.879,14.244,7.507,0.000,driving,-1
32.620,-53.380,0.610,160.129,13.708,-0.003,5.794,14.882,0.000,3.897,0.000,driving,-1
32.740,-51.725,0.612,160.799,13.832,0.097,5.467,14.873,0.000,6.191,0.000,driving,-1
32.860,-50.060,0.611,161.445,13.909,-0.041,5.312,14.889,0.000,3.098,0.000,driving,-1
32.980,-48.377,0.609,162.041,14.175,0.000,4.506,14.874,13.196,12.301,0.000,driving,-1
33.100,-46.657,0.610,162.523,14.361,0.003,3.917,14.886,0.000,0.877,0.000,driving,-1
33.220,-44.935,0.610,162.996,14.378,-0.001,3.850,14.885,5.469,4.355,0.000,driving,-1
33.340,-43.191,0.610,163.371,14.669,0.001,2.395,14.863,21.644,17.489,0.000,driving,-1
33.460,-41.573,0.718,163.555,13.011,4.954,1.328,13.986,5.273,5.709,0.000,driving,-1
33.580,-40.001,1.233,163.718,12.989,3.384,1.353,13.491,0.000,21.014,0.000,driving,-1
33.700,-38.474,1.469,163.877,12.529,0.958,1.305,12.633,0.000,20.269,0.000,driving,-1
33.820,-37.002,1.419,164.030,12.084,-1.381,1.259,12.228,0.000,19.550,0.000,driving,-1
33.940,-35.582,1.094,164.178,11.656,-3.638,1.214,12.271,0.000,18.857,0.000,driving,-1
34.060,-34.440,0.898,164.308,9.283,2.393,1.238,9.666,0.000,19.034,0.000,driving,-1
34.180,-33.319,1.040,164.458,9.205,0.192,1.229,9.288,0.000,19.876,0.000,driving,-1
34.300,-32.237,0.901,164.602,8.878,-2.121,1.185,9.205,0.000,19.172,0.000,driving,-1
34.420,-31.403,0.813,164.721,6.445,2.590,1.070,7.027,0.000,15.082,0.000,driving,-1
34.540,-30.569,0.997,164.856,6.997,0.593,1.112,7.110,12.022,19.914,0.000,driving,-1
34.660,-29.738,0.937,164.976,7.231,-0.945,0.810,7.337,17.397,20.002,0.000,driving,-1
34.780,-28.780,0.723,165.057,8.132,-2.575,0.644,8.555,0.000,19.003,0.000,driving,-1
34.900,-27.978,0.812,165.121,7.662,1.678,0.630,7.869,0.000,9.141,0.000,driving,-1
35.020,-27.005,0.901,165.201,8.098,-0.164,0.658,8.127,0.000,18.392,0.000,driving,-1
35.140,-25.991,0.896,165.276,8.894,-0.701,0.599,8.941,8.079,15.031,0.000,driving,-1
35.260,-24.973,0.758,165.342,7.161,2.378,0.351,7.554,23.566,23.221,0.000,driving,-1
35.380,-24.036,0.965,165.314,7.933,0.966,-0.388,8.001,12.086,20.055,0.000,driving,-1
35.500,-23.097,0.941,165.266,7.958,-0.779,-0.438,8.008,0.000,21.815,0.000,driving,-1
35.620,-22.128,0.710,165.212,7.955,-2.867,-0.442,8.467,10.331,18.908,0.000,driving,-1
35.740,-21.154,0.576,165.067,8.500,0.199,-2.198,8.782,26.943,24.641,0.000,driving,-1
35.860,-20.099,0.609,164.695,9.144,0.204,-3.558,9.814,14.881,13.573,0.000,driving,-1
35.980,-18.937,0.612,164.248,10.094,-0.024,-3.736,10.763,2.054,9.450,0.000,driving,-1
36.100,-17.678,0.610,163.758,10.666,-0.013,-4.536,11.591,17.603,12.315,0.000,driving,-1
36.220,-16.415,0.610,163.084,10.321,0.004,-6.467,12.180,27.917,17.308,0.000,driving,-1
36.340,-15.193,0.610,162.213,10.205,0.001,-7.644,12.750,10.272,5.421,0.000,driving,-1
36.460,-13.933,0.610,161.281,10.758,-0.002,-7.762,13.266,0.000,5.347,0.000,driving,-1
36.580,-12.602,0.611,160.351,11.289,-0.021,-7.782,13.712,0.000,5.013,0.000,driving,-1
36.700,-11.220,0.612,159.412,11.672,0.024,-7.848,14.065,0.000,3.842,0.000,driving,-1
36.820,-9.798,0.612,158.463,11.980,0.020,-7.948,14.376,0.000,2.628,0.000,driving,-1
36.940,-8.342,0.609,157.505,12.274,-0.004,-7.945,14.621,4.588,4.782,0.000,driving,-1
37.060,-6.812,0.610,156.625,13.141,0.006,-6.700,14.751,21.498,17.669,0.000,driving,-1
37.180,-5.164,0.613,155.986,14.146,-0.034,-4.245,14.770,37.397,23.350,0.000,driving,-1
37.300,-3.425,0.613,155.689,14.665,-0.008,-1.306,14.723,30.723,21.236,0.000,driving,-1
37.420,-1.655,0.611,155.668,14.782,-0.058,0.628,14.795,26.887,18.999,0.000,driving,-1
37.540,0.096,0.614,155.925,14.348,0.049,3.396,14.745,42.369,26.555,0.000,driving,-1
37.660,1.744,0.610,156.549,13.179,-0.054,6.451,14.674,45.000,27.339,0.000,driving,-1
37.780,3.218,0.609,157.499,11.684,0.011,8.801,14.628,31.445,18.957,0.000,driving,-1
37.900,4.557,0.610,158.643,10.921,0.001,9.895,14.737,15.489,5.753,0.000,driving,-1
38.020,5.878,0.610,159.834,11.164,-0.004,9.832,14.877,0.000,5.806,0.000,driving,-1
38.140,7.242,0.610,160.986,11.483,0.000,9.469,14.883,0.000,3.069,0.000,driving,-1
38.260,8.633,0.610,162.107,11.651,0.000,9.264,14.885,0.000,1.701,0.000,driving,-1
38.380,10.037,0.610,163.211,11.742,0.000,9.148,14.886,0.000,0.958,0.000,driving,-1
38.500,11.424,0.610,164.336,11.265,0.000,9.714,14.874,15.013,12.564,0.000,driving,-1
38.620,12.674,0.610,165.605,9.672,0.005,11.271,14.852,30.917,22.439,0.000,driving,-1
38.740,13.658,0.611,167.082,7.012,0.008,13.026,14.793,45.000,28.731,0.000,driving,-1
38.860,14.290,0.611,168.731,4.100,-0.004,14.147,14.729,34.407,22.354,0.000,driving,-1
38.980,14.644,0.610,170.465,2.341,-0.006,14.605,14.791,18.059,8.860,0.000,driving,-1
39.100,14.901,0.610,172.229,2.182,-0.003,14.719,14.880,1.896,3.985,0.000,driving,-1
39.220,15.201,0.610,173.990,2.669,0.000,14.642,14.883,0.000,3.123,0.000,driving,-1
39.340,15.499,0.611,175.750,2.098,0.067,14.709,14.858,14.367,12.738,0.000,driving,-1
39.460,15.661,0.985,177.271,1.352,4.260,13.419,14.144,1.317,11.828,0.000,driving,-1
39.580,15.820,1.324,178.848,1.304,1.804,12.943,13.133,0.000,20.543,0.000,driving,-1
39.700,15.973,1.374,180.369,1.258,-0.566,12.484,12.560,0.000,19.814,0.000,driving,-1
39.820,16.121,1.145,181.836,1.213,-2.851,12.041,12.434,0.000,19.112,0.000,driving,-1
39.940,16.262,0.806,183.198,1.222,2.227,10.405,10.711,0.000,20.888,0.000,driving,-1
40.060,16.417,0.951,184.480,1.301,0.621,10.619,10.716,0.000,2.841,0.000,driving,-1
40.180,16.582,0.951,185.806,1.370,-0.872,11.011,11.130,0.000,19.644,0.000,driving,-1
40.300,16.743,0.686,187.100,1.321,-3.147,10.621,11.155,0.000,18.948,0.000,driving,-1
40.420,16.895,0.618,188.286,1.463,0.639,11.071,11.185,0.000,18.792,0.000,driving,-1
40.540,17.061,0.628,189.675,1.121,-0.144,11.932,11.986,11.788,12.099,0.000,driving,-1
40.660,17.097,0.610,191.152,-0.312,-0.074,12.535,12.539,15.124,11.390,0.000,driving,-1
40.780,17.029,0.609,192.695,-0.566,0.011,13.080,13.093,0.000,5.181,0.000,driving,-1
40.900,16.975,0.614,194.299,-0.484,0.229,13.564,13.574,1.259,12.556,0.000,driving,-1
41.020,16.852,0.597,195.942,-1.448,0.105,13.656,13.733,17.048,13.696,0.000,driving,-1
41.140,16.704,0.805,196.113,-1.413,1.186,1.504,2.380,32.873,41.238,0.000,driving,-1
41.260,16.533,0.773,196.393,-1.405,-1.229,2.459,3.087,45.000,19.268,0.000,driving,-1
41.380,16.381,0.585,196.744,-1.091,-0.927,3.547,3.825,45.000,22.617,0.000,driving,-1
41.500,16.198,0.588,197.266,-2.062,0.353,4.769,5.207,45.000,13.765,0.000,driving,-1
41.620,15.846,0.616,197.906,-3.613,0.098,5.626,6.687,41.921,16.785,0.000,driving,-1
41.740,15.315,0.616,198.619,-4.973,-0.029,6.213,7.959,31.076,13.894,0.000,driving,-1
41.860,14.593,0.614,199.349,-6.849,-0.006,5.850,9.007,45.000,18.940,0.000,driving,-1
41.980,13.641,0.614,199.972,-8.688,0.005,4.660,9.859,43.117,18.369,0.000,driving,-1
42.100,12.501,0.614,200.454,-10.024,-0.001,3.674,10.676,26.205,11.046,0.000,driving,-1
42.220,11.235,0.613,200.884,-10.896,0.027,3.611,11.479,10.553,6.960,0.000,driving,-1
42.340,9.911,0.610,201.408,-11.035,0.031,5.032,12.128,12.878,16.020,0.000,driving,-1
42.460,8.622,0.610,202.151,-10.425,-0.004,7.103,12.615,29.169,20.653,0.000,driving,-1
42.580,7.472,0.614,203.168,-8.849,0.019,9.479,12.968,45.000,26.512,0.000,driving,-1
42.700,6.570,0.610,204.453,-6.557,-0.018,11.470,13.212,38.843,23.027,0.000,driving,-1
42.820,5.910,0.610,205.915,-4.884,0.003,12.599,13.512,23.045,12.105,0.000,driving,-1
42.940,5.360,0.610,207.467,-4.545,-0.003,13.107,13.873,6.525,2.978,0.000,driving,-1
43.060,4.774,0.610,209.049,-5.112,-0.001,13.231,14.184,0.000,4.365,0.000,driving,-1
43.180,4.132,0.610,210.646,-5.495,0.000,13.373,14.458,0.000,2.872,0.000,driving,-1
43.300,3.480,0.610,212.271,-5.167,-0.001,13.738,14.677,12.648,10.049,0.000,driving,-1
43.420,2.981,0.610,213.966,-3.262,0.005,14.388,14.753,28.198,20.787,0.000,driving,-1
43.540,2.732,0.610,215.721,-1.453,0.001,14.755,14.827,15.580,9.533,0.000,driving,-1
43.660,2.577,0.610,217.500,-1.344,-0.005,14.822,14.882,0.000,3.661,0.000,driving,-1
43.780,2.392,0.610,219.276,-1.656,-0.001,14.792,14.885,0.000,2.024,0.000,driving,-1
43.900,2.178,0.614,221.050,-1.836,0.060,14.766,14.880,0.000,2.680,0.000,driving,-1
44.020,1.984,0.611,222.824,-1.237,-0.068,14.829,14.881,13.319,11.528,0.000,driving,-1
44.140,1.975,0.609,224.606,0.837,0.009,14.836,14.859,23.345,17.754,0.000,driving,-1
44.260,2.168,0.612,226.381,1.937,0.050,14.764,14.891,7.934,3.488,0.000,driving,-1
44.380,2.388,0.614,228.153,1.734,-0.028,14.785,14.886,0.000,2.495,0.000,driving,-1
44.500,2.573,0.609,229.929,1.291,-0.006,14.825,14.881,6.293,7.355,0.000,driving,-1
44.620,2.618,0.611,231.712,-0.459,0.011,14.852,14.859,23.065,19.032,0.000,driving,-1
44.740,2.394,0.611,233.478,-2.771,0.000,14.605,14.866,20.393,15.265,0.000,driving,-1
44.860,1.988,0.614,235.217,-3.563,-0.006,14.453,14.886,4.836,1.062,0.000,driving,-1
44.980,1.581,0.609,236.956,-3.285,-0.015,14.517,14.885,0.000,2.199,0.000,driving,-1
45.100,1.202,0.612,238.701,-3.105,0.005,14.560,14.887,0.000,1.236,0.000,driving,-1
45.220,0.840,0.608,240.450,-2.867,-0.017,14.605,14.884,4.932,5.369,0.000,driving,-1
45.340,0.591,0.608,242.217,-1.357,0.006,14.805,14.867,17.796,15.074,0.000,driving,-1
45.460,0.497,0.609,244.000,-0.629,-0.001,14.872,14.885,1.677,0.400,0.000,driving,-1
45.580,0.408,0.608,245.784,-0.798,-0.002,14.864,14.885,0.000,1.106,0.000,driving,-1
45.700,0.304,0.608,247.567,-0.898,-0.001,14.859,14.886,0.000,0.671,0.000,driving,-1
45.820,0.192,0.608,249.350,-0.958,-0.001,14.855,14.886,0.000,0.406,0.000,driving,-1
45.940,0.075,0.608,251.132,-0.995,-0.001,14.852,14.886,0.000,0.240,0.000,driving,-1
46.060,-0.046,0.608,252.914,-1.016,-0.001,14.851,14.886,0.000,0.142,0.000,driving,-1
46.180,-0.169,0.608,254.696,-1.029,-0.001,14.850,14.886,0.000,0.086,0.000,driving,-1
46.300,-0.293,0.608,256.478,-1.037,-0.001,14.850,14.886,0.000,0.053,0.000,driving,-1
46.420,-0.418,0.608,258.260,-1.041,-0.001,14.849,14.886,0.000,0.032,0.000,driving,-1
46.540,-0.543,0.607,260.042,-1.044,-0.001,14.849,14.886,0.000,0.020,0.000,driving,-1
46.660,-0.669,0.609,261.824,-1.046,0.015,14.847,14.884,0.000,0.364,0.000,driving,-1
46.780,-0.805,0.610,263.605,-1.352,0.002,14.820,14.882,8.265,7.371,0.000,driving,-1
46.900,-1.080,0.610,265.367,-3.134,-0.001,14.524,14.858,24.631,19.482,0.000,driving,-1
47.020,-1.609,0.610,267.068,-5.134,0.002,13.960,14.874,17.519,12.120,0.000,driving,-1
47.140,-2.264,0.610,268.729,-5.502,-0.004,13.829,14.883,1.447,2.156,0.000,driving,-1
47.260,-2.915,0.610,270.392,-5.561,-0.002,13.805,14.883,9.171,6.077,0.000,driving,-1
47.380,-3.677,0.610,272.005,-7.066,0.001,13.074,14.861,23.252,17.605,0.000,driving,-1
47.500,-4.607,0.610,273.529,-8.004,0.001,12.549,14.884,7.188,2.545,0.000,driving,-1
47.620,-5.564,0.610,275.036,-8.067,-0.001,12.508,14.884,8.484,5.035,0.000,driving,-1
47.740,-6.613,0.610,276.479,-9.372,0.000,11.532,14.860,25.130,18.900,0.000,driving,-1
47.860,-7.874,0.610,277.732,-11.358,0.008,9.521,14.820,40.852,26.755,0.000,driving,-1
47.980,-9.367,0.611,278.681,-13.133,0.004,6.697,14.742,43.948,27.484,0.000,driving,-1
48.100,-11.017,0.611,279.305,-14.088,-0.006,4.274,14.722,27.549,16.825,0.000,driving,-1
48.220,-12.739,0.610,279.729,-14.503,-0.005,3.109,14.832,18.188,9.299,0.000,driving,-1
48.340,-14.503,0.610,279.967,-14.813,0.000,0.971,14.844,34.895,22.824,0.000,driving,-1
48.460,-16.273,0.610,279.866,-14.593,0.006,-2.210,14.759,45.000,27.657,0.000,driving,-1
48.580,-17.978,0.611,279.412,-13.945,0.002,-4.736,14.727,28.525,17.126,0.000,driving,-1
48.700,-19.513,0.880,278.752,-11.989,4.206,-5.921,14.017,12.891,6.640,0.000,driving,-1
48.820,-20.938,1.223,278.029,-11.727,1.873,-5.937,13.277,6.172,20.571,0.000,driving,-1
48.940,-22.173,1.283,277.522,-11.514,-0.498,0.032,11.525,21.876,20.558,0.000,driving,-1
49.060,-23.607,1.062,277.520,-12.248,-2.793,-0.050,12.563,37.941,19.820,0.000,driving,-1
49.180,-25.115,0.628,277.529,-12.788,-3.896,0.395,13.374,27.542,8.626,0.000,driving,-1
49.300,-26.221,0.939,277.549,-10.882,2.601,0.202,11.191,11.529,20.964,0.000,driving,-1
49.420,-27.526,1.105,277.576,-10.716,0.394,0.219,10.726,0.000,20.002,0.000,driving,-1
49.540,-28.785,0.990,277.602,-10.336,-1.925,0.211,10.516,7.924,19.293,0.000,driving,-1
49.660,-29.969,0.619,277.623,-9.787,-0.483,0.008,9.799,8.134,166.309,0.000,driving,-1
49.780,-31.198,0.615,277.565,-10.610,-0.083,-0.728,10.635,0.000,6.343,0.000,driving,-1
49.900,-32.533,0.611,277.443,-11.433,0.007,-1.157,11.492,0.000,3.619,0.000,driving,-1
50.020,-33.920,0.610,277.406,-11.678,-0.008,-0.101,11.678,0.000,1.216,0.000,driving,-1
50.140,-35.358,0.611,277.397,-12.151,0.016,-0.081,12.151,0.000,1.720,0.000,driving,-1
50.260,-36.852,0.612,277.390,-12.615,0.012,-0.067,12.615,0.000,2.206,0.000,driving,-1
50.380,-37.614,0.611,277.597,-1.158,-0.032,5.048,5.179,3.477,24.125,0.000,driving,-1
50.500,-37.887,0.609,278.099,-3.064,-0.001,3.531,4.675,19.442,20.809,0.000,driving,-1
50.620,-38.377,0.610,278.391,-4.764,0.006,1.557,5.012,36.322,22.394,0.000,driving,-1
50.740,-39.027,0.617,278.403,-5.762,0.107,-0.967,5.843,45.000,19.391,0.000,driving,-1
50.860,-39.747,0.612,278.096,-5.934,-0.055,-3.688,6.987,45.000,19.595,0.000,driving,-1
50.980,-40.444,0.610,277.485,-5.745,-0.004,-5.761,8.136,0.000,2.077,0.000,driving,-1
51.100,-41.234,0.610,276.760,-7.170,0.002,-5.975,9.334,16.185,10.244,0.000,driving,-1
51.220,-42.223,0.610,276.091,-8.867,0.004,-5.240,10.300,20.104,10.886,0.000,driving,-1
51.340,-43.371,0.610,275.470,-9.912,-0.002,-5.247,11.215,4.339,4.065,0.000,driving,-1
51.460,-44.593,0.610,274.779,-10.264,-0.001,-6.205,11.994,9.581,10.351,0.000,driving,-1
51.580,-45.794,0.610,273.916,-9.688,0.005,-7.970,12.545,25.861,18.453,0.000,driving,-1
51.700,-46.853,0.611,272.812,-8.055,0.007,-10.096,12.916,42.550,25.168,0.000,driving,-1
51.820,-47.649,0.613,271.466,-5.531,0.041,-11.947,13.165,45.000,25.554,0.000,driving,-1
51.940,-48.125,0.614,269.947,-2.736,0.080,-13.074,13.357,45.000,27.631,0.000,driving,-1
52.060,-48.249,0.610,268.338,0.210,-0.017,-13.534,13.536,45.000,25.158,0.000,driving,-1
52.180,-48.030,0.611,266.722,2.854,-0.012,-13.389,13.690,32.696,17.879,0.000,driving,-1
52.300,-47.583,0.610,265.123,4.162,-0.002,-13.322,13.957,17.165,6.229,0.000,driving,-1
52.420,-47.076,0.610,263.506,4.108,-0.001,-13.630,14.235,0.166,6.534,0.000,driving,-1
52.540,-46.617,0.610,261.842,3.669,0.000,-14.009,14.482,0.000,3.840,0.000,driving,-1
52.660,-46.193,0.610,260.141,3.452,0.000,-14.291,14.702,0.000,2.472,0.000,driving,-1
52.780,-45.776,0.610,258.413,3.650,-0.001,-14.428,14.882,8.335,6.470,0.000,driving,-1
52.900,-45.236,0.610,256.714,5.281,0.003,-13.889,14.859,24.883,19.274,0.000,driving,-1
53.020,-44.429,0.611,255.129,7.816,0.008,-12.594,14.822,40.486,26.795,0.000,driving,-1
53.140,-43.307,0.618,253.762,10.299,0.017,-10.566,14.755,36.065,23.162,0.000,driving,-1
53.260,-41.967,0.610,252.603,11.662,-0.032,-9.117,14.803,20.325,11.305,0.000,driving,-1
53.380,-40.537,0.609,251.537,11.955,0.002,-8.860,14.881,3.419,2.694,0.000,driving,-1
53.500,-39.126,0.610,250.443,11.650,0.002,-9.262,14.883,0.000,3.232,0.000,driving,-1
53.620,-37.763,0.610,249.290,11.007,0.002,-9.999,14.871,13.143,13.294,0.000,driving,-1
53.740,-36.550,0.610,247.986,9.344,0.005,-11.544,14.852,29.200,22.203,0.000,driving,-1
53.860,-35.575,0.613,246.498,7.384,0.032,-12.888,14.854,20.261,14.318,0.000,driving,-1
53.980,-34.735,0.613,244.923,6.893,0.003,-13.191,14.884,4.026,0.447,0.000,driving,-1
54.100,-33.885,0.609,243.352,7.180,-0.008,-13.038,14.884,0.000,2.197,0.000,driving,-1
54.220,-33.011,0.610,241.794,7.310,0.005,-12.967,14.886,2.272,0.779,0.000,driving,-1
54.340,-32.190,0.610,240.209,6.304,0.001,-13.466,14.868,19.140,15.532,0.000,driving,-1
54.460,-31.581,0.610,238.536,4.175,0.005,-14.261,14.859,23.920,17.635,0.000,driving,-1
54.580,-31.169,0.610,236.799,3.141,-0.003,-14.548,14.883,8.255,3.133,0.000,driving,-1
54.700,-30.856,0.610,235.042,1.985,-0.002,-14.735,14.868,21.136,15.272,0.000,driving,-1
54.820,-30.770,0.610,233.262,-0.084,0.001,-14.871,14.871,19.486,12.502,0.000,driving,-1
54.940,-30.834,0.610,231.478,-0.652,0.021,-14.864,14.878,4.680,1.225,0.000,driving,-1
55.060,-30.875,0.648,229.690,-0.131,0.649,-14.870,14.884,0.000,8.709,0.000,driving,-1
55.180,-30.880,0.803,227.909,-0.240,1.733,-14.797,14.900,8.509,16.685,0.000,driving,-1
55.300,-31.032,1.073,226.167,-2.164,2.595,-14.315,14.709,24.016,23.765,0.000,driving,-1
55.420,-31.454,1.419,224.511,-4.602,3.062,-13.334,14.434,34.841,26.882,0.000,driving,-1
55.540,-32.206,1.808,223.035,-7.496,3.356,-11.444,14.086,45.000,31.734,0.000,driving,-1
55.660,-33.262,2.222,221.821,-9.633,3.525,-9.200,13.779,32.181,24.740,0.000,driving,-1
55.780,-34.487,2.664,220.827,-10.548,3.766,-7.856,13.681,16.060,11.640,0.000,driving,-1
55.900,-35.742,3.168,219.912,-10.358,4.086,-7.801,13.596,0.000,7.869,0.000,driving,-1
56.020,-36.970,3.686,218.994,-10.368,4.294,-7.552,13.526,13.516,11.988,0.000,driving,-1
56.140,-38.268,4.157,218.174,-11.268,3.494,-6.459,13.449,29.290,19.989,0.000,driving,-1
56.260,-39.709,4.499,217.530,-12.583,2.469,-4.572,13.614,45.000,23.703,0.000,driving,-1
56.380,-41.300,4.724,217.155,-13.674,1.362,-2.100,13.901,45.000,25.704,0.000,driving,-1
56.500,-42.987,4.794,217.093,-14.254,0.059,0.529,14.264,39.765,22.907,0.000,driving,-1
56.620,-44.707,4.730,217.291,-14.376,-0.796,2.191,14.564,23.915,8.753,0.000,driving,-1
56.740,-46.439,4.642,217.583,-14.624,-0.610,2.497,14.848,7.038,9.555,0.000,driving,-1
56.860,-48.188,4.632,217.867,-14.681,-0.232,2.270,14.857,3.992,5.709,0.000,driving,-1
56.980,-49.952,4.606,218.070,-14.653,-0.099,1.171,14.700,9.625,11.054,0.000,driving,-1
57.100,-51.722,4.606,218.187,-14.853,0.022,0.972,14.884,0.000,0.805,0.000,driving,-1
57.220,-53.314,4.725,218.296,-13.138,4.740,0.998,14.003,0.000,0.981,0.000,driving,-1
57.340,-54.901,5.202,218.417,-13.090,3.038,0.991,13.474,0.000,20.916,0.000,driving,-1
57.460,-56.439,5.396,218.533,-12.625,0.625,0.956,12.677,0.000,20.174,0.000,driving,-1
57.580,-57.923,5.308,218.645,-12.178,-1.703,0.922,12.331,0.000,19.458,0.000,driving,-1
57.700,-59.354,4.945,218.754,-11.746,-3.948,0.889,12.423,0.000,18.768,0.000,driving,-1
57.820,-60.523,4.766,218.846,-8.689,0.417,0.664,8.724,0.000,16.265,0.000,driving,-1
57.940,-61.605,4.935,218.926,-9.685,1.036,0.654,9.762,6.643,19.448,0.000,driving,-1
58.060,-62.787,4.904,218.988,-9.738,-1.189,0.508,9.823,17.955,19.485,0.000,driving,-1
58.180,-63.767,4.969,219.036,-7.692,2.579,0.308,8.119,1.785,16.169,0.000,driving,-1
58.300,-64.671,5.110,219.072,-7.420,0.182,0.297,7.428,0.000,19.802,0.000,driving,-1
58.420,-65.543,4.969,219.106,-7.156,-2.130,0.287,7.472,0.000,19.100,0.000,driving,-1
58.540,-66.320,4.712,219.136,-4.756,2.834,0.108,5.537,0.000,52.173,0.000,driving,-1
58.660,-67.003,4.911,219.147,-6.283,1.157,0.079,6.389,0.000,17.115,0.000,driving,-1
58.780,-67.740,4.886,219.156,-6.032,-1.121,0.070,6.135,0.000,16.155,0.000,driving,-1
58.900,-68.446,4.987,219.160,-6.398,0.575,0.035,6.424,0.000,16.998,0.000,driving,-1
59.020,-69.198,4.892,219.164,-6.171,-1.750,0.034,6.415,0.000,19.182,0.000,driving,-1
59.140,-69.747,4.763,219.143,-3.621,0.814,-0.418,3.735,0.000,13.861,0.000,driving,-1
59.260,-70.298,4.832,219.125,-5.245,0.285,-0.030,5.253,0.000,19.676,0.000,driving,-1
59.380,-70.970,4.791,219.126,-5.794,-0.157,0.112,5.797,0.000,14.250,0.000,driving,-1
59.500,-71.748,4.807,219.148,-7.094,-0.641,0.206,7.126,0.000,28.243,0.000,driving,-1
59.620,-72.637,4.601,219.174,-7.194,-2.353,0.219,7.573,0.000,10.739,0.000,driving,-1
59.740,-73.610,4.576,219.207,-8.511,0.416,0.282,8.526,0.000,8.010,0.000,driving,-1
59.860,-74.726,4.614,219.237,-9.758,0.156,0.122,9.760,8.112,9.805,0.000,driving,-1
59.980,-75.964,4.616,219.175,-10.663,-0.039,-1.041,10.713,15.087,11.218,0.000,driving,-1
60.100,-77.301,4.612,219.016,-11.489,-0.015,-1.339,11.566,0.000,6.938,0.000,driving,-1
60.220,-78.733,4.612,218.866,-12.234,0.002,-1.227,12.296,0.000,5.711,0.000,driving,-1
60.340,-80.247,4.612,218.768,-12.868,0.002,-0.335,12.872,15.152,12.962,0.000,driving,-1
60.460,-81.814,4.613,218.869,-13.117,0.006,1.809,13.241,29.954,20.346,0.000,driving,-1
60.580,-83.394,4.575,219.195,-13.299,-0.686,3.177,13.690,13.976,11.573,0.000,driving,-1
60.700,-85.013,4.426,219.611,-13.618,-1.793,3.691,14.223,11.091,17.194,0.000,driving,-1
60.820,-86.637,4.092,220.084,-13.345,-3.679,3.918,14.387,27.174,18.980,0.000,driving,-1
60.940,-88.205,3.498,220.544,-12.872,-5.854,3.779,14.637,43.586,18.306,0.000,driving,-1
61.060,-89.691,2.796,221.031,-12.925,-4.887,5.376,14.827,45.000,24.818,0.000,driving,-1
61.180,-91.179,2.292,221.866,-11.757,-4.484,8.074,14.951,45.000,24.452,0.000,driving,-1
61.300,-92.441,1.807,222.992,-9.413,-3.578,10.552,14.586,45.000,34.722,0.000,driving,-1
61.420,-93.362,1.424,224.430,-6.367,-2.961,12.832,14.628,45.000,30.398,0.000,driving,-1
61.540,-93.914,1.098,226.069,-3.370,-2.521,14.064,14.681,37.275,24.647,0.000,driving,-1
61.660,-94.184,0.834,227.802,-1.628,-1.941,14.645,14.863,21.589,13.474,0.000,driving,-1
61.780,-94.360,0.655,229.574,-1.529,-1.135,14.800,14.922,4.165,11.439,0.000,driving,-1
61.900,-94.602,0.585,231.343,-2.272,-0.210,14.728,14.904,0.000,13.288,0.000,driving,-1
62.020,-94.843,0.596,233.111,-1.610,0.197,14.797,14.886,15.007,10.953,0.000,driving,-1
62.140,-94.941,0.609,234.892,-0.445,0.036,14.876,14.883,9.017,5.236,0.000,driving,-1
62.260,-94.995,0.608,236.677,-0.540,-0.021,14.875,14.884,0.000,2.010,0.000,driving,-1
62.380,-95.074,0.607,238.461,-0.717,-0.003,14.868,14.885,0.000,1.168,0.000,driving,-1
62.500,-95.167,0.607,240.245,-0.820,0.001,14.863,14.886,0.000,0.685,0.000,driving,-1
62.620,-95.270,0.607,242.028,-0.881,-0.001,14.860,14.886,0.000,0.405,0.000,driving,-1
62.740,-95.379,0.607,243.811,-0.918,-0.001,14.857,14.886,0.000,0.239,0.000,driving,-1
62.860,-95.490,0.607,245.594,-0.911,-0.001,14.858,14.886,1.600,1.258,0.000,driving,-1
62.980,-95.536,0.607,247.378,0.216,0.001,14.867,14.869,17.708,15.003,0.000,driving,-1
63.100,-95.381,0.607,249.155,1.839,0.003,14.767,14.881,11.438,7.542,0.000,driving,-1
63.220,-95.152,0.607,250.926,1.845,-0.001,14.770,14.885,0.000,2.105,0.000,driving,-1
63.340,-94.965,0.720,252.524,1.597,4.693,13.140,14.044,0.000,2.733,0.000,driving,-1
63.460,-94.778,1.202,254.117,1.530,3.098,13.141,13.587,1.170,20.939,0.000,driving,-1
63.580,-94.598,1.404,255.661,1.476,0.682,12.675,12.778,5.221,20.196,0.000,driving,-1
63.700,-94.425,1.322,257.151,1.423,-1.647,12.225,12.417,0.000,19.480,0.000,driving,-1
63.820,-94.258,0.966,258.587,1.373,-3.894,11.792,12.494,0.000,18.789,0.000,driving,-1
63.940,-94.124,0.857,259.745,1.240,1.202,10.767,10.904,0.000,18.994,0.000,driving,-1
64.060,-93.981,0.945,261.037,1.175,0.461,10.854,10.927,0.000,20.473,0.000,driving,-1
64.180,-93.840,0.860,262.341,1.155,-1.671,10.698,10.889,14.181,19.389,0.000,driving,-1
64.300,-93.678,0.751,263.488,1.983,1.526,9.880,10.192,17.733,18.991,0.000,driving,-1
64.420,-93.392,0.897,264.723,2.505,1.356,10.545,10.923,4.164,13.205,0.000,driving,-1
64.540,-93.112,1.124,266.026,2.285,2.294,11.106,11.568,0.000,18.746,0.000,driving,-1
64.660,-92.817,1.452,267.366,2.837,3.013,11.279,12.014,11.985,21.442,0.000,driving,-1
64.780,-92.358,1.845,268.676,4.711,3.452,10.658,12.154,27.692,24.606,0.000,driving,-1
64.900,-91.633,2.270,269.854,7.134,3.562,9.147,12.134,44.067,30.215,0.000,driving,-1
65.020,-90.629,2.681,270.798,9.273,3.314,6.964,12.061,36.874,25.921,0.000,driving,-1
65.140,-89.430,3.055,271.519,10.551,3.020,5.368,12.218,26.465,20.216,0.000,driving,-1
65.260,-88.088,3.373,272.014,11.666,2.322,3.003,12.268,40.646,26.793,0.000,driving,-1
65.380,-86.638,3.602,272.217,12.382,1.657,0.946,12.528,24.586,14.186,0.000,driving,-1
65.500,-85.124,3.784,272.281,12.779,1.493,0.413,12.872,8.345,5.595,0.000,driving,-1
65.620,-83.577,3.967,272.361,13.011,1.485,0.889,13.126,1.292,5.468,0.000,driving,-1
65.740,-81.992,4.085,272.463,13.371,0.486,0.819,13.405,16.818,11.887,0.000,driving,-1
65.860,-80.354,4.039,272.471,13.855,-0.934,-0.620,13.900,32.544,18.895,0.000,driving,-1
65.980,-78.678,3.824,272.236,13.871,-2.455,-3.006,14.404,45.000,25.103,0.000,driving,-1
66.100,-77.043,3.431,271.702,13.302,-3.789,-5.441,14.863,45.000,22.459,0.000,driving,-1
66.220,-75.533,2.963,270.863,11.924,-4.270,-7.935,14.946,45.000,24.379,0.000,driving,-1
66.340,-74.223,2.422,269.773,10.142,-4.507,-9.986,14.930,45.000,30.316,0.000,driving,-1
66.460,-73.137,1.875,268.468,8.337,-4.515,-11.452,14.867,31.322,18.689,0.000,driving,-1
66.580,-72.284,1.377,266.987,6.235,-3.710,-13.004,14.891,31.538,30.412,0.000,driving,-1
66.700,-71.754,0.997,265.330,2.996,-2.975,-14.249,14.861,45.000,33.216,0.000,driving,-1
66.820,-71.633,0.724,263.580,-0.500,-1.897,-14.652,14.783,45.000,33.439,0.000,driving,-1
66.940,-71.887,0.593,261.835,-3.179,-0.680,-14.382,14.745,27.273,23.324,0.000,driving,-1
67.060,-72.358,0.581,260.126,-4.342,0.251,-14.215,14.865,12.630,14.343,0.000,driving,-1
67.180,-72.869,0.612,258.420,-4.103,0.154,-14.308,14.886,4.196,6.858,0.000,driving,-1
67.300,-73.262,0.611,256.682,-2.498,-0.034,-14.648,14.859,20.559,18.377,0.000,driving,-1
67.420,-73.380,0.609,254.908,0.152,-0.003,-14.828,14.828,29.247,22.039,0.000,driving,-1
67.540,-73.211,0.927,253.312,2.094,5.062,-12.849,13.968,13.037,14.187,0.000,driving,-1
67.660,-72.951,1.383,251.785,2.133,2.768,-12.537,13.015,0.000,20.812,0.000,driving,-1
67.780,-72.700,1.546,250.312,2.057,0.365,-12.092,12.272,0.000,20.074,0.000,driving,-1
67.900,-72.458,1.426,248.891,1.984,-1.954,-11.664,11.991,0.000,19.362,0.000,driving,-1
68.020,-72.225,1.035,247.520,1.914,-4.190,-11.250,12.156,0.000,18.676,0.000,driving,-1
68.140,-72.031,0.945,246.458,1.810,1.930,-9.304,9.672,2.428,14.688,0.000,driving,-1
68.260,-71.819,1.010,245.366,1.736,-0.431,-8.954,9.131,17.962,19.200,0.000,driving,-1
68.380,-71.591,0.820,244.286,1.862,-2.532,-8.866,9.407,22.440,19.053,0.000,driving,-1
68.500,-71.360,0.601,243.266,2.250,0.104,-8.912,9.192,6.254,13.657,0.000,driving,-1
68.620,-71.072,0.610,242.116,2.474,0.030,-10.030,10.331,0.000,6.890,0.000,driving,-1
68.740,-70.719,0.610,240.861,3.466,-0.009,-10.670,11.219,16.899,12.624,0.000,driving,-1
68.860,-70.167,0.610,239.581,5.512,0.004,-10.509,11.867,32.919,19.685,0.000,driving,-1
68.980,-69.345,0.611,238.378,7.694,0.003,-9.683,12.367,27.989,16.113,0.000,driving,-1
69.100,-68.336,0.610,237.239,8.773,-0.005,-9.468,12.907,11.377,5.224,0.000,driving,-1
69.220,-67.272,0.610,236.066,8.858,-0.003,-10.042,13.391,0.000,5.470,0.000,driving,-1
69.340,-66.209,0.610,234.822,8.881,0.000,-10.569,13.805,0.000,3.815,0.000,driving,-1
69.460,-65.163,0.612,233.507,8.404,0.045,-11.353,14.125,13.346,12.370,0.000,driving,-1
69.580,-64.262,0.613,232.059,6.717,0.018,-12.612,14.289,28.814,21.208,0.000,driving,-1
69.700,-63.645,0.611,230.459,3.867,-0.001,-13.803,14.335,45.000,28.414,0.000,driving,-1
69.820,-63.380,0.613,228.761,1.145,-0.067,-14.344,14.390,29.880,20.757,0.000,driving,-1
69.940,-63.350,0.609,227.024,-0.166,-0.008,-14.549,14.550,13.453,5.528,0.000,driving,-1
70.060,-63.364,0.610,225.265,0.044,0.004,-14.739,14.739,0.000,4.622,0.000,driving,-1
70.180,-63.330,0.609,223.485,0.417,-0.003,-14.879,14.885,0.000,2.415,0.000,driving,-1
70.300,-63.265,0.608,221.700,0.624,0.001,-14.872,14.885,0.000,1.357,0.000,driving,-1
70.420,-63.182,0.609,219.916,0.742,0.002,-14.867,14.886,0.000,0.768,0.000,driving,-1
70.540,-63.104,0.609,218.131,0.399,0.000,-14.876,14.881,9.668,8.128,0.000,driving,-1
70.660,-63.167,0.609,216.350,-1.377,0.002,-14.794,14.858,25.303,19.670,0.000,driving,-1
70.780,-63.510,0.610,214.603,-3.816,0.007,-14.351,14.849,24.270,17.359,0.000,driving,-1
70.900,-64.052,0.611,212.903,-4.774,-0.005,-14.097,14.883,7.038,1.725,0.000,driving,-1
71.020,-64.612,0.610,211.207,-4.687,-0.004,-14.127,14.884,6.829,3.160,0.000,driving,-1
71.140,-65.253,0.610,209.542,-6.018,0.000,-13.590,14.863,23.390,17.632,0.000,driving,-1
71.260,-66.133,0.610,207.996,-8.321,0.008,-12.275,14.830,34.939,23.643,0.000,driving,-1
71.380,-67.255,0.611,206.615,-9.909,-0.001,-11.087,14.870,18.676,10.823,0.000,driving,-1
71.500,-68.459,0.610,205.297,-9.831,-0.006,-11.162,14.873,5.483,9.780,0.000,driving,-1
71.620,-69.541,0.612,203.881,-8.332,0.034,-12.292,14.850,22.394,20.343,0.000,driving,-1
71.740,-70.377,0.611,202.312,-5.823,-0.010,-13.628,14.820,38.522,26.858,0.000,driving,-1
71.860,-70.848,0.614,200.607,-2.592,0.021,-14.529,14.758,39.774,23.514,0.000,driving,-1
71.980,-70.976,0.610,198.843,-0.163,-0.034,-14.763,14.764,23.431,15.031,0.000,driving,-1
72.100,-70.927,0.609,197.064,0.612,0.004,-14.869,14.882,7.135,0.941,0.000,driving,-1
72.220,-70.881,0.610,195.279,0.115,0.002,-14.879,14.879,4.141,7.247,0.000,driving,-1
72.340,-70.975,0.610,193.498,-1.583,0.004,-14.776,14.860,20.323,18.082,0.000,driving,-1
72.460,-71.345,0.611,191.759,-4.261,0.007,-14.205,14.831,36.284,25.503,0.000,driving,-1
72.580,-72.074,0.611,190.145,-7.345,0.001,-12.805,14.762,41.223,26.906,0.000,driving,-1
72.700,-73.114,0.611,188.716,-9.438,-0.008,-11.342,14.755,24.792,15.893,0.000,driving,-1
72.820,-74.312,0.610,187.401,-10.216,-0.005,-10.820,14.881,9.106,2.472,0.000,driving,-1
72.940,-75.523,0.610,186.089,-9.955,-0.001,-11.062,14.882,0.000,3.758,0.000,driving,-1
73.060,-76.699,0.610,184.745,-9.715,0.000,-11.277,14.885,0.000,2.071,0.000,driving,-1
73.180,-77.847,0.610,183.377,-9.360,0.001,-11.568,14.880,7.705,8.213,0.000,driving,-1
73.300,-78.878,0.610,181.922,-7.872,0.003,-12.601,14.858,23.981,19.457,0.000,driving,-1
73.420,-79.653,0.611,180.322,-5.310,0.007,-13.840,14.824,39.575,26.736,0.000,driving,-1
73.540,-80.114,0.611,178.608,-2.966,-0.004,-14.522,14.822,22.530,14.986,0.000,driving,-1
73.660,-80.388,0.610,176.846,-1.751,-0.005,-14.769,14.872,20.019,13.011,0.000,driving,-1
73.780,-80.441,0.610,175.066,0.661,0.001,-14.823,14.838,36.425,24.120,0.000,driving,-1
73.900,-80.138,0.611,173.321,3.886,0.005,-14.233,14.754,45.000,27.853,0.000,driving,-1
74.020,-79.479,0.611,171.685,6.474,-0.002,-13.209,14.711,30.476,18.806,0.000,driving,-1
74.140,-78.606,0.610,170.145,7.654,-0.005,-12.680,14.811,14.635,5.445,0.000,driving,-1
74.260,-77.686,0.610,168.616,7.532,-0.002,-12.832,14.879,0.000,5.409,0.000,driving,-1
74.380,-76.812,0.610,167.059,7.137,0.000,-13.061,14.884,0.000,2.901,0.000,driving,-1
74.500,-75.972,0.610,165.483,6.917,0.000,-13.180,14.885,0.000,1.615,0.000,driving,-1
74.620,-75.113,0.610,163.917,7.529,0.000,-12.830,14.876,14.460,11.646,0.000,driving,-1
74.740,-74.090,0.610,162.459,9.347,0.006,-11.540,14.851,31.552,22.669,0.000,driving,-1
74.860,-72.833,0.611,161.202,11.140,0.002,-9.807,14.842,23.218,15.741,0.000,driving,-1
74.980,-71.442,0.610,160.083,11.760,-0.006,-9.121,14.882,7.981,2.068,0.000,driving,-1
75.100,-69.997,0.610,159.036,12.394,-0.002,-8.210,14.867,22.481,16.023,0.000,driving,-1
75.220,-68.427,0.610,158.199,13.595,0.005,-5.931,14.832,38.507,25.406,0.000,driving,-1
75.340,-66.732,0.611,157.674,14.402,0.003,-3.411,14.801,27.428,17.658,0.000,driving,-1
75.460,-64.977,0.610,157.377,14.761,-0.002,-1.703,14.859,28.458,18.701,0.000,driving,-1
75.580,-63.200,0.610,157.362,14.756,0.002,1.157,14.801,43.475,27.113,0.000,driving,-1
75.700,-61.470,0.611,157.718,14.139,0.000,4.115,14.726,34.708,21.738,0.000,driving,-1
75.820,-59.812,0.610,158.337,13.658,-0.004,5.686,14.794,17.730,7.669,0.000,driving,-1
75.940,-58.195,0.610,159.085,13.205,-0.003,6.823,14.863,25.731,16.554,0.000,driving,-1
76.060,-56.693,0.610,160.041,12.063,0.002,8.685,14.864,23.437,14.097,0.000,driving,-1
76.180,-55.283,0.610,161.137,11.641,0.000,9.270,14.881,7.749,0.894,0.000,driving,-1
76.300,-53.854,0.610,162.206,12.204,0.000,8.494,14.869,10.470,12.861,0.000,driving,-1
76.420,-52.316,0.610,163.104,13.288,0.007,6.637,14.854,25.780,20.880,0.000,driving,-1
76.540,-50.646,0.611,163.710,14.325,0.007,3.761,14.811,42.897,28.588,0.000,driving,-1
76.660,-48.892,0.612,163.943,14.743,-0.015,0.797,14.764,30.643,21.177,0.000,driving,-1
76.780,-47.117,0.612,163.911,14.822,0.019,-0.781,14.842,14.733,7.008,0.000,driving,-1
76.900,-45.335,0.609,163.805,14.862,-0.007,-0.761,14.881,0.000,4.397,0.000,driving,-1
77.020,-43.550,0.610,163.742,14.879,0.004,-0.395,14.884,0.000,2.327,0.000,driving,-1
77.140,-41.810,0.620,163.711,12.943,4.997,-0.166,13.875,0.000,264.748,0.000,driving,-1
77.260,-40.229,1.177,163.698,13.151,3.878,-0.095,13.712,0.000,21.166,0.000,driving,-1
77.380,-38.684,1.470,163.687,12.685,1.435,-0.092,12.766,0.000,20.415,0.000,driving,-1
77.500,-37.193,1.477,163.676,12.235,-0.921,-0.089,12.270,0.000,19.691,0.000,driving,-1
77.620,-35.756,1.206,163.666,11.801,-3.194,-0.085,12.226,0.000,18.993,0.000,driving,-1
77.740,-34.509,0.878,163.657,9.203,2.924,-0.056,9.656,0.000,20.368,0.000,driving,-1
77.860,-33.397,1.083,163.650,9.129,0.704,-0.052,9.157,0.000,20.023,0.000,driving,-1
77.980,-32.324,1.003,163.644,8.805,-1.627,-0.050,8.955,0.000,19.313,0.000,driving,-1
78.100,-31.392,0.802,163.639,5.746,2.712,-0.026,6.354,0.000,20.544,0.000,driving,-1
78.220,-30.628,0.992,163.638,6.425,0.642,-0.012,6.457,0.000,19.909,0.000,driving,-1
78.340,-29.876,0.930,163.637,6.455,-0.885,0.015,6.516,0.000,27.459,0.000,driving,-1
78.460,-29.005,0.748,163.640,7.812,-2.088,0.033,8.086,0.000,15.320,0.000,driving,-1
78.580,-28.197,0.756,163.645,7.359,1.606,0.056,7.533,0.000,21.367,0.000,driving,-1
78.700,-27.229,0.880,163.652,8.270,0.291,0.063,8.275,0.000,19.865,0.000,driving,-1
78.820,-26.220,0.923,163.660,8.808,-0.264,0.074,8.812,0.000,39.126,0.000,driving,-1
78.940,-25.153,0.753,163.669,8.763,-2.371,0.073,9.078,3.724,19.089,0.000,driving,-1
79.060,-24.267,0.915,163.627,8.195,1.555,-0.693,8.370,19.566,16.779,0.000,driving,-1
79.180,-23.305,0.950,163.540,8.024,-0.100,-0.929,8.078,26.040,20.113,0.000,driving,-1
79.300,-22.286,0.816,163.375,8.479,-2.017,-1.430,8.832,10.021,19.188,0.000,driving,-1
79.420,-21.280,0.570,163.198,8.904,-0.500,-1.664,9.071,0.000,33.111,0.000,driving,-1
79.540,-20.170,0.586,162.985,9.720,0.257,-1.895,9.906,0.000,4.025,0.000,driving,-1
79.660,-18.929,0.612,162.729,10.645,0.098,-2.383,10.909,6.974,9.907,0.000,driving,-1
79.780,-17.615,0.612,162.358,11.183,-0.028,-3.440,11.700,3.939,6.671,0.000,driving,-1
79.900,-16.226,0.610,161.927,11.859,-0.012,-3.650,12.408,0.000,5.626,0.000,driving,-1
80.020,-14.760,0.610,161.484,12.455,0.002,-3.728,13.001,0.000,4.619,0.000,driving,-1
80.140,-13.230,0.611,161.030,12.938,0.054,-3.815,13.489,0.000,4.411,0.000,driving,-1
80.260,-11.649,0.612,160.566,13.343,-0.050,-3.904,13.902,0.000,4.138,0.000,driving,-1
80.380,-10.025,0.609,160.091,13.653,-0.016,-4.029,14.235,2.923,3.515,0.000,driving,-1
80.500,-8.377,0.609,159.571,13.819,0.005,-4.403,14.503,0.000,2.161,0.000,driving,-1
80.620,-6.703,0.610,159.041,14.046,0.001,-4.431,14.728,0.000,1.738,0.000,driving,-1
80.740,-4.998,0.610,158.532,14.352,0.000,-3.918,14.877,11.578,10.466,0.000,driving,-1
80.860,-3.248,0.610,158.193,14.736,0.004,-1.864,14.854,28.490,21.478,0.000,driving,-1
80.980,-1.468,0.611,158.140,14.866,0.001,0.373,14.871,18.955,13.015,0.000,driving,-1
81.100,0.315,0.610,158.236,14.856,-0.005,0.913,14.884,3.366,0.874,0.000,driving,-1
81.220,2.096,0.610,158.365,14.807,-0.002,1.454,14.878,13.712,9.446,0.000,driving,-1
81.340,3.850,0.610,158.674,14.427,0.003,3.528,14.852,30.736,21.816,0.000,driving,-1
81.460,5.517,0.611,159.289,13.437,0.006,6.216,14.805,33.175,22.214,0.000,driving,-1
81.580,7.068,0.611,160.158,12.632,-0.003,7.833,14.864,21.027,12.657,0.000,driving,-1
81.700,8.494,0.610,161.224,11.189,0.000,9.742,14.836,36.848,23.968,0.000,driving,-1
81.820,9.714,0.610,162.516,9.559,-0.001,11.343,14.834,23.568,13.790,0.000,driving,-1
81.940,10.794,0.610,163.935,8.446,-0.002,12.229,14.862,26.277,17.011,0.000,driving,-1
82.060,11.652,0.610,165.492,6.056,0.002,13.518,14.813,41.344,26.113,0.000,driving,-1
82.180,12.169,0.611,167.183,3.179,0.002,14.393,14.740,34.040,21.437,0.000,driving,-1
82.300,12.702,0.609,168.797,4.875,-0.011,13.388,14.248,16.287,19.363,0.000,driving,-1
82.420,13.209,0.608,170.428,3.868,0.017,13.797,14.329,0.000,4.356,0.000,driving,-1
82.540,13.656,0.610,172.107,3.621,0.006,14.119,14.576,0.000,2.805,0.000,driving,-1
82.660,14.082,0.610,173.819,3.501,-0.001,14.363,14.784,0.000,1.954,0.000,driving,-1
82.780,14.498,0.610,175.554,3.431,0.011,14.484,14.885,0.000,0.749,0.000,driving,-1
82.900,14.889,0.980,177.128,3.321,4.057,13.027,14.043,0.000,25.152,0.000,driving,-1
83.020,15.284,1.317,178.678,3.239,1.797,12.721,13.250,5.034,20.548,0.000,driving,-1
83.140,15.664,1.366,180.173,3.124,-0.572,12.270,12.675,21.293,19.819,0.000,driving,-1
83.260,16.031,1.137,181.614,3.013,-2.857,11.835,12.542,16.865,19.116,0.000,driving,-1
83.380,16.358,0.715,182.882,3.089,2.443,7.263,8.262,1.469,414.901,0.000,driving,-1
83.500,16.712,0.976,183.852,2.966,1.390,8.427,9.041,2.697,20.220,0.000,driving,-1
83.620,17.052,0.992,184.848,2.552,-0.399,8.422,8.809,19.661,13.314,0.000,driving,-1
83.740,17.341,0.807,185.875,2.373,-2.495,8.425,9.102,13.620,19.051,0.000,driving,-1
83.860,17.592,0.633,186.854,2.047,-0.198,8.897,9.132,0.000,5.521,0.000,driving,-1
83.980,17.820,0.607,187.996,1.628,-0.100,9.975,10.107,11.310,12.393,0.000,driving,-1
84.100,17.914,0.608,189.261,0.051,0.031,10.951,10.951,26.810,17.913,0.000,driving,-1
84.220,17.832,0.610,190.625,-1.025,0.009,11.685,11.729,10.718,8.761,0.000,driving,-1
84.340,17.716,0.610,192.076,-0.860,-0.003,12.382,12.412,0.000,6.284,0.000,driving,-1
84.460,17.581,0.610,193.601,-1.538,-0.002,12.890,12.981,15.162,11.081,0.000,driving,-1
84.580,17.261,0.614,195.151,-3.609,0.057,12.838,13.336,32.060,22.645,0.000,driving,-1
84.700,16.633,0.614,196.638,-6.422,0.020,11.926,13.545,45.000,26.038,0.000,driving,-1
84.820,15.674,0.615,197.958,-9.066,0.003,10.259,13.691,45.000,25.936,0.000,driving,-1
84.940,14.443,0.615,199.056,-10.970,-0.006,8.433,13.837,30.831,17.559,0.000,driving,-1
85.060,13.054,0.614,199.997,-11.880,-0.005,7.581,14.092,14.610,4.957,0.000,driving,-1
85.180,11.614,0.613,200.918,-11.990,0.016,7.881,14.348,0.000,6.896,0.000,driving,-1
85.300,10.180,0.611,201.901,-11.935,-0.054,8.392,14.590,0.000,6.524,0.000,driving,-1
85.420,8.749,0.610,202.932,-11.937,-0.021,8.719,14.783,0.000,2.059,0.000,driving,-1
85.540,7.314,0.609,203.993,-11.937,0.003,8.893,14.886,0.000,0.897,0.000,driving,-1
85.660,5.885,0.610,205.064,-11.890,0.002,8.956,14.886,0.000,0.515,0.000,driving,-1
85.780,4.481,0.610,206.167,-11.426,0.000,9.524,14.875,12.824,11.597,0.000,driving,-1
85.900,3.209,0.612,207.414,-9.847,0.048,11.109,14.845,29.904,22.021,0.000,driving,-1
86.020,2.192,0.613,208.869,-7.320,0.016,12.872,14.807,45.000,29.205,0.000,driving,-1
86.140,1.538,0.614,210.510,-4.099,0.020,14.128,14.711,45.000,27.841,0.000,driving,-1
86.260,1.260,0.613,212.246,-1.107,0.018,14.623,14.665,35.768,22.791,0.000,driving,-1
86.380,1.270,0.613,214.008,0.700,-0.007,14.720,14.737,18.786,8.919,0.000,driving,-1
86.500,1.383,0.614,215.783,0.908,0.037,14.853,14.880,2.872,3.780,0.000,driving,-1
86.620,1.452,0.615,217.567,0.381,-0.003,14.878,14.883,0.000,3.391,0.000,driving,-1
86.740,1.476,0.615,219.353,0.088,-0.004,14.885,14.885,0.000,1.889,0.000,driving,-1
86.860,1.474,0.615,221.139,-0.075,-0.004,14.886,14.886,0.000,1.066,0.000,driving,-1
86.980,1.459,0.614,222.925,-0.169,-0.003,14.884,14.885,0.000,0.627,0.000,driving,-1
87.100,1.434,0.614,224.712,-0.224,0.000,14.884,14.886,0.000,0.360,0.000,driving,-1
87.220,1.405,0.614,226.498,-0.257,0.000,14.884,14.886,0.000,0.214,0.000,driving,-1
87.340,1.373,0.614,228.284,-0.276,0.000,14.883,14.886,0.000,0.129,0.000,driving,-1
87.460,1.339,0.614,230.070,-0.288,0.000,14.883,14.886,0.000,0.078,0.000,driving,-1
87.580,1.303,0.611,231.855,-0.292,-0.023,14.881,14.884,0.000,0.588,0.000,driving,-1
87.700,1.267,0.608,233.641,-0.294,-0.004,14.883,14.886,0.000,0.492,0.000,driving,-1
87.820,1.231,0.609,235.427,-0.298,0.008,14.883,14.886,0.000,0.078,0.000,driving,-1
87.940,1.196,0.609,237.213,-0.302,0.000,14.883,14.886,0.000,0.047,0.000,driving,-1
88.060,1.159,0.609,238.999,-0.304,-0.001,14.883,14.886,0.000,0.014,0.000,driving,-1
88.180,1.123,0.609,240.785,-0.305,0.000,14.883,14.886,0.000,0.007,0.000,driving,-1
88.300,1.086,0.609,242.571,-0.306,0.000,14.883,14.886,0.000,0.004,0.000,driving,-1
88.420,1.049,0.609,244.357,-0.306,0.000,14.883,14.886,0.000,0.003,0.000,driving,-1
88.540,1.013,0.609,246.143,-0.306,0.000,14.883,14.886,0.000,0.002,0.000,driving,-1
88.660,0.976,0.609,247.929,-0.307,0.000,14.883,14.886,0.000,0.001,0.000,driving,-1
88.780,0.939,0.609,249.715,-0.307,0.000,14.883,14.886,0.000,0.001,0.000,driving,-1
88.900,0.902,0.609,251.501,-0.307,0.000,14.883,14.886,0.000,0.001,0.000,driving,-1
89.020,0.865,0.609,253.287,-0.307,0.000,14.883,14.886,0.000,0.001,0.000,driving,-1
89.140,0.829,0.609,255.072,-0.307,0.000,14.883,14.886,0.000,0.001,0.000,driving,-1
89.260,0.792,0.609,256.854,-0.303,0.000,14.679,14.682,0.000,10.195,0.000,driving,-1
89.380,0.757,0.609,258.531,-0.278,0.000,13.473,13.476,0.000,9.857,0.000,driving,-1
89.500,0.725,0.609,260.066,-0.254,0.000,12.321,12.323,0.000,9.430,0.000,driving,-1
