Timestamp,PositionX,PositionY,PositionZ,Speed,PathDeviation
0.000,-0.400,0.687,230.930,0.196,2.269
0.020,-0.400,0.679,230.930,0.586,2.269
0.040,-0.400,0.664,230.930,0.764,2.269
0.060,-0.400,0.648,230.930,0.821,2.269
0.080,-0.400,0.633,230.930,0.746,2.269
0.100,-0.400,0.620,230.930,0.618,2.269
0.120,-0.400,0.611,230.930,0.484,2.269
0.140,-0.400,0.603,230.930,0.357,2.269
0.160,-0.400,0.599,230.930,0.242,2.269
0.180,-0.400,0.596,230.930,0.144,2.269
0.200,-0.400,0.594,230.930,0.064,2.269
0.220,-0.400,0.594,230.930,0.004,2.269
0.240,-0.400,0.595,230.929,0.040,2.269
0.260,-0.400,0.597,230.929,0.068,2.269
0.280,-0.400,0.598,230.929,0.083,2.269
0.300,-0.400,0.600,230.929,0.088,2.269
0.320,-0.400,0.602,230.929,0.086,2.269
0.340,-0.400,0.603,230.929,0.078,2.269
0.360,-0.400,0.605,230.929,0.068,2.269
0.380,-0.400,0.606,230.929,0.056,2.269
0.400,-0.400,0.607,230.929,0.043,2.269
0.420,-0.400,0.607,230.929,0.032,2.269
0.440,-0.400,0.608,230.929,0.021,2.269
0.460,-0.400,0.608,230.929,0.012,2.269
0.480,-0.400,0.608,230.929,0.005,2.269
0.500,-0.400,0.608,230.930,0.000,2.269
0.520,-0.400,0.608,230.930,0.004,2.269
0.540,-0.400,0.608,230.930,0.006,2.269
0.560,-0.400,0.608,230.930,0.008,2.269
0.580,-0.400,0.607,230.930,0.008,2.269
0.600,-0.400,0.607,230.930,0.008,2.269
0.620,-0.400,0.607,230.930,0.007,2.269
0.640,-0.400,0.607,230.930,0.350,2.269
0.660,-0.400,0.607,230.936,0.686,2.268
0.680,-0.400,0.607,230.950,1.019,2.265
0.700,-0.400,0.607,230.970,1.349,2.261
0.720,-0.400,0.607,230.996,1.677,2.256
0.740,-0.400,0.607,231.029,2.000,2.251
0.760,-0.400,0.607,231.069,2.321,2.245
0.780,-0.400,0.607,231.115,2.637,2.239
0.800,-0.400,0.607,231.167,2.950,2.233
0.820,-0.400,0.607,231.225,3.259,2.227
0.840,-0.400,0.607,231.289,3.565,2.223
0.860,-0.400,0.607,231.360,3.866,2.221
0.880,-0.400,0.607,231.437,4.162,2.221
0.900,-0.400,0.607,231.519,4.455,2.225
0.920,-0.400,0.607,231.607,4.743,2.231
0.940,-0.400,0.607,231.701,5.027,2.242
0.960,-0.400,0.607,231.800,5.267,2.258
0.980,-0.400,0.608,231.906,5.645,2.279
1.000,-0.400,0.608,232.014,5.730,2.306
1.020,-0.400,0.608,232.133,6.229,2.341
1.040,-0.400,0.608,232.253,6.348,2.381
1.060,-0.400,0.608,232.379,6.622,2.430
1.080,-0.400,0.608,232.511,6.904,2.486
1.100,-0.400,0.608,232.648,7.156,2.551
1.120,-0.400,0.608,232.789,7.333,2.623
1.140,-0.400,0.608,232.935,7.604,2.703
1.160,-0.400,0.608,233.086,7.837,2.792
1.180,-0.400,0.608,233.241,8.044,2.888
1.200,-0.400,0.608,233.401,8.290,2.993
1.220,-0.401,0.608,233.565,8.483,3.106
1.240,-0.401,0.608,233.733,8.718,3.226
1.260,-0.401,0.608,233.906,8.890,3.353
1.280,-0.401,0.608,234.083,9.133,3.487
1.300,-0.401,0.608,234.263,9.285,3.628
1.320,-0.401,0.608,234.448,9.528,3.776
1.340,-0.401,0.608,234.636,9.659,3.930
1.360,-0.401,0.608,234.829,9.907,4.090
1.380,-0.401,0.608,235.024,10.016,4.255
1.400,-0.401,0.608,235.224,10.267,4.427
1.420,-0.401,0.608,235.426,10.356,4.603
1.440,-0.401,0.608,235.633,10.607,4.786
1.460,-0.401,0.608,235.842,10.683,4.972
1.480,-0.401,0.608,236.056,10.925,5.164
1.500,-0.401,0.608,236.271,10.995,5.359
1.520,-0.401,0.608,236.490,11.224,5.385
1.540,-0.401,0.608,236.712,11.294,5.185
1.560,-0.401,0.608,236.937,11.504,4.982
1.580,-0.401,0.608,237.164,11.579,4.780
1.600,-0.401,0.608,237.395,11.768,4.577
1.620,-0.401,0.608,237.627,11.850,4.375
1.640,-0.401,0.608,237.863,12.016,4.174
1.660,-0.401,0.608,238.101,12.106,3.975
1.680,-0.401,0.608,238.342,12.251,3.778
1.700,-0.401,0.608,238.585,12.347,3.585
1.720,-0.401,0.608,238.830,12.473,3.396
1.740,-0.401,0.608,239.077,12.571,3.213
1.760,-0.401,0.608,239.327,12.685,3.038
1.780,-0.401,0.608,239.578,12.781,2.873
1.800,-0.401,0.608,239.832,12.885,2.719
1.820,-0.402,0.608,240.088,12.978,2.581
1.840,-0.402,0.608,240.345,13.073,2.461
1.860,-0.402,0.608,240.605,13.162,2.362
1.880,-0.402,0.608,240.866,13.251,2.288
1.900,-0.402,0.608,241.129,13.335,2.242
1.920,-0.402,0.608,241.393,13.418,2.226
1.940,-0.402,0.608,241.660,13.497,2.242
1.960,-0.402,0.608,241.927,13.575,2.289
1.980,-0.402,0.608,242.197,13.649,2.366
2.000,-0.402,0.608,242.468,13.722,2.471
2.020,-0.402,0.608,242.740,13.792,2.601
2.040,-0.402,0.608,243.014,13.860,2.753
2.060,-0.402,0.608,243.289,13.925,2.923
2.080,-0.402,0.608,243.565,13.989,3.109
2.100,-0.402,0.608,243.843,14.051,3.309
2.120,-0.402,0.608,244.121,14.110,3.520
2.140,-0.402,0.608,244.401,14.168,3.742
2.160,-0.402,0.608,244.683,14.224,3.971
2.180,-0.402,0.608,244.965,14.278,4.208
2.200,-0.402,0.608,245.248,14.330,4.451
2.220,-0.402,0.608,245.533,14.380,4.699
2.240,-0.403,0.608,245.818,14.429,4.952
2.260,-0.403,0.608,246.104,14.476,5.210
2.280,-0.403,0.608,246.392,14.522,5.471
2.300,-0.403,0.608,246.680,14.566,5.216
2.320,-0.403,0.608,246.969,14.609,4.956
2.340,-0.403,0.608,247.259,14.650,4.699
2.360,-0.403,0.608,247.550,14.690,4.445
2.380,-0.403,0.608,247.841,14.728,4.195
2.400,-0.403,0.608,248.133,14.766,3.951
2.420,-0.403,0.608,248.426,14.802,3.713
2.440,-0.403,0.608,248.720,14.836,3.483
2.460,-0.403,0.608,249.015,14.870,3.262
2.480,-0.403,0.608,249.310,14.902,3.053
2.500,-0.403,0.608,249.606,14.934,2.860
2.520,-0.403,0.608,249.902,14.964,2.684
2.540,-0.403,0.608,250.199,14.993,2.531
2.560,-0.403,0.608,250.496,15.000,2.405
2.580,-0.403,0.608,250.794,15.000,2.310
2.600,-0.404,0.608,251.092,15.000,2.252
2.620,-0.404,0.608,251.390,15.000,2.231
2.640,-0.404,0.608,251.687,15.000,2.250
2.660,-0.404,0.608,251.985,15.000,2.308
2.680,-0.404,0.608,252.283,15.000,2.402
2.700,-0.404,0.608,252.580,15.000,2.527
2.720,-0.404,0.608,252.878,15.000,2.680
2.740,-0.404,0.608,253.176,15.000,2.855
2.760,-0.404,0.608,253.474,15.000,3.050
2.780,-0.404,0.608,253.771,15.000,3.260
2.800,-0.404,0.608,254.069,15.000,3.483
2.820,-0.404,0.608,254.367,15.000,3.717
2.840,-0.404,0.608,254.664,15.000,3.959
2.860,-0.404,0.608,254.962,15.000,4.208
2.880,-0.404,0.608,255.260,15.000,4.464
2.900,-0.404,0.608,255.558,15.000,4.724
2.920,-0.404,0.608,255.855,15.000,4.988
2.940,-0.405,0.608,256.153,15.000,5.256
2.960,-0.405,0.608,256.451,15.000,5.427
2.980,-0.405,0.608,256.749,15.000,5.157
3.000,-0.405,0.608,257.046,15.000,4.890
3.020,-0.405,0.608,257.344,15.000,4.627
3.040,-0.405,0.608,257.642,15.000,4.369
3.060,-0.405,0.608,257.939,15.000,4.116
3.080,-0.405,0.608,258.237,15.000,3.870
3.100,-0.405,0.608,258.535,15.000,3.631
3.120,-0.405,0.608,258.833,15.000,3.401
3.140,-0.405,0.608,259.130,15.000,3.183
3.160,-0.405,0.608,259.428,15.000,2.979
3.180,-0.405,0.608,259.726,15.000,2.791
3.200,-0.405,0.608,260.024,15.000,2.624
3.220,-0.405,0.608,260.321,15.000,2.481
3.240,-0.406,0.608,260.619,15.000,2.368
3.260,-0.406,0.608,260.917,15.000,2.287
3.280,-0.406,0.608,261.214,15.000,2.244
3.300,-0.406,0.608,261.512,15.000,2.240
3.320,-0.406,0.609,261.810,15.000,2.275
3.340,-0.406,0.609,262.108,15.000,2.348
3.360,-0.406,0.609,262.405,15.000,2.454
3.380,-0.407,0.610,262.703,15.000,2.592
3.400,-0.410,0.610,263.001,15.000,2.757
3.420,-0.416,0.610,263.298,15.000,2.944
3.440,-0.426,0.610,263.596,15.000,3.152
3.460,-0.440,0.610,263.893,15.000,3.376
3.480,-0.459,0.610,264.190,15.000,3.613
3.500,-0.485,0.610,264.486,15.000,3.862
3.520,-0.518,0.610,264.781,15.000,4.121
3.540,-0.559,0.610,265.076,15.000,4.388
3.560,-0.607,0.610,265.369,15.000,4.662
3.580,-0.664,0.610,265.660,14.998,4.941
3.600,-0.729,0.610,265.950,14.997,5.225
3.620,-0.800,0.610,266.239,15.000,5.512
3.640,-0.878,0.610,266.526,15.000,5.801
3.660,-0.960,0.610,266.811,15.000,6.093
3.680,-1.046,0.610,267.096,15.000,6.386
3.700,-1.135,0.610,267.380,15.000,6.679
3.720,-1.226,0.610,267.664,15.000,6.974
3.740,-1.317,0.610,267.947,15.000,7.269
3.760,-1.409,0.610,268.230,15.000,7.564
3.780,-1.500,0.610,268.514,15.000,7.859
3.800,-1.591,0.610,268.797,15.000,8.154
3.820,-1.683,0.610,269.080,15.000,8.450
3.840,-1.777,0.610,269.363,15.000,8.746
3.860,-1.873,0.610,269.644,15.000,9.042
3.880,-1.974,0.610,269.924,15.000,9.339
3.900,-2.080,0.610,270.202,15.000,9.636
3.920,-2.191,0.610,270.478,15.000,9.933
3.940,-2.313,0.610,270.749,15.000,10.230
3.960,-2.446,0.610,271.014,14.994,10.527
3.980,-2.589,0.610,271.274,14.985,10.823
4.000,-2.742,0.610,271.528,14.967,11.117
4.020,-2.905,0.610,271.776,14.954,11.410
4.040,-3.076,0.610,272.017,14.939,11.700
4.060,-3.257,0.610,272.250,14.926,11.988
4.080,-3.447,0.610,272.477,14.912,12.274
4.100,-3.644,0.611,272.696,14.899,12.557
4.120,-3.850,0.611,272.907,14.886,12.837
4.140,-4.063,0.611,273.110,14.873,13.114
4.160,-4.284,0.611,273.304,14.860,13.387
4.180,-4.512,0.611,273.490,14.848,13.657
4.200,-4.746,0.611,273.667,14.836,13.923
4.220,-4.987,0.611,273.835,14.823,14.186
4.240,-5.233,0.611,273.994,14.811,14.444
4.260,-5.485,0.611,274.144,14.799,14.606
4.280,-5.742,0.611,274.283,14.787,14.313
4.300,-6.004,0.611,274.413,14.776,14.021
4.320,-6.270,0.611,274.533,14.764,13.731
4.340,-6.541,0.611,274.644,14.753,13.441
4.360,-6.815,0.611,274.744,14.741,13.154
4.380,-7.092,0.611,274.833,14.730,12.870
4.400,-7.373,0.611,274.913,14.720,12.588
4.420,-7.655,0.611,274.982,14.709,12.311
4.440,-7.940,0.611,275.040,14.698,12.038
4.460,-8.227,0.611,275.088,14.688,11.769
4.480,-8.515,0.611,275.125,14.678,11.507
4.500,-8.804,0.611,275.152,14.668,11.251
4.520,-9.061,0.611,275.167,13.344,11.030
4.540,-9.288,0.610,275.300,13.324,10.768
4.560,-9.511,0.609,275.429,13.097,10.510
4.580,-9.733,0.608,275.556,12.948,10.256
4.600,-9.958,0.608,275.673,12.875,10.005
4.620,-10.183,0.607,275.786,12.769,9.756
4.640,-10.403,0.606,275.897,12.529,9.512
4.660,-10.628,0.606,275.999,12.558,9.269
4.680,-10.850,0.605,276.098,12.341,9.031
4.700,-11.069,0.605,276.196,12.193,8.796
4.720,-11.284,0.605,276.292,11.984,8.566
4.740,-11.506,0.606,276.376,12.066,8.338
4.760,-11.725,0.606,276.457,11.855,8.115
4.780,-11.939,0.606,276.540,11.657,7.895
4.800,-12.155,0.607,276.613,11.615,7.680
4.820,-12.370,0.607,276.684,11.514,7.468
4.840,-12.582,0.608,276.753,11.318,7.261
4.860,-12.789,0.608,276.824,11.177,7.057
4.880,-13.000,0.608,276.885,11.144,6.858
4.900,-13.210,0.608,276.941,11.097,6.663
4.920,-13.416,0.609,276.999,10.921,6.472
4.940,-13.621,0.609,277.056,10.839,6.284
4.960,-13.828,0.609,277.104,10.810,6.102
4.980,-14.036,0.609,277.147,10.834,5.926
5.000,-14.240,0.609,277.191,10.660,5.753
5.020,-14.443,0.609,277.237,10.612,5.582
5.040,-14.647,0.609,277.274,10.583,5.420
5.060,-14.854,0.609,277.304,10.685,5.265
5.080,-15.057,0.609,277.337,10.520,5.113
5.100,-15.260,0.609,277.371,10.527,4.965
5.120,-15.464,0.609,277.399,10.496,4.826
5.140,-15.671,0.609,277.421,10.631,4.695
5.160,-15.877,0.609,277.440,10.567,4.572
5.180,-16.083,0.609,277.462,10.589,4.453
5.200,-16.289,0.609,277.480,10.561,4.345
5.220,-16.499,0.609,277.494,10.726,4.246
5.240,-16.708,0.609,277.504,10.700,4.159
5.260,-16.921,0.609,277.511,10.869,4.083
5.280,-17.134,0.609,277.515,10.866,4.019
5.300,-17.350,0.609,277.517,11.034,3.968
5.320,-17.566,0.609,277.518,11.051,3.929
5.340,-17.718,0.609,277.517,9.873,3.910
5.360,-17.718,0.609,277.520,4.202,3.907
5.380,-17.725,0.609,277.600,3.952,3.827
5.400,-17.748,0.609,277.672,3.821,3.753
5.420,-17.775,0.609,277.739,3.703,3.683
5.440,-17.806,0.609,277.802,3.628,3.617
5.460,-17.842,0.609,277.861,3.595,3.555
5.480,-17.882,0.609,277.917,3.604,3.496
5.500,-17.927,0.609,277.969,3.650,3.440
5.520,-17.977,0.609,278.019,3.731,3.388
5.540,-18.032,0.609,278.065,3.843,3.340
5.560,-18.093,0.610,278.108,3.980,3.295
5.580,-18.159,0.610,278.148,4.138,3.254
5.600,-18.230,0.610,278.184,4.312,3.218
5.620,-18.307,0.611,278.216,4.479,3.189
5.640,-18.390,0.614,278.243,4.650,3.167
5.660,-18.478,0.618,278.265,4.846,3.153
5.680,-18.572,0.624,278.283,5.063,3.146
5.700,-18.671,0.630,278.296,5.293,3.147
5.720,-18.775,0.637,278.306,5.491,3.156
5.740,-18.886,0.645,278.313,5.849,3.173
5.760,-18.996,0.655,278.317,5.780,3.196
5.780,-19.116,0.674,278.319,6.211,3.228
5.800,-19.236,0.699,278.321,6.220,3.264
5.820,-19.360,0.725,278.321,6.403,3.306
5.840,-19.489,0.751,278.320,6.631,3.356
5.860,-19.624,0.765,278.316,6.992,3.416
5.880,-19.759,0.770,278.312,7.012,3.479
5.900,-19.901,0.777,278.307,7.421,3.551
5.920,-20.045,0.784,278.303,7.522,3.627
5.940,-20.191,0.791,278.298,7.666,3.710
5.960,-20.337,0.814,278.295,7.805,3.794
5.980,-20.485,0.846,278.290,8.024,3.885
6.000,-20.636,0.879,278.285,8.097,3.981
6.020,-20.791,0.912,278.279,8.325,4.084
6.040,-20.955,0.923,278.272,8.515,4.196
6.060,-21.123,0.922,278.266,8.613,4.314
6.080,-21.294,0.917,278.259,8.573,4.438
6.100,-21.464,0.904,278.253,8.551,4.564
6.120,-21.633,0.884,278.246,8.547,4.692
6.140,-21.801,0.855,278.240,8.560,4.822
6.160,-21.968,0.820,278.233,8.591,4.954
6.180,-22.134,0.776,278.227,8.638,5.086
6.200,-22.299,0.725,278.221,8.702,5.220
6.220,-22.335,0.714,278.219,6.743,5.250
6.240,-22.467,0.759,278.213,7.174,5.359
6.260,-22.599,0.803,278.207,7.265,5.470
6.280,-22.733,0.845,278.201,7.293,5.582
6.300,-22.871,0.883,278.194,7.476,5.700
6.320,-23.015,0.916,278.187,7.343,5.823
6.340,-23.158,0.941,278.181,7.231,5.946
6.360,-23.300,0.959,278.174,7.141,5.836
6.380,-23.441,0.968,278.168,7.072,5.723
6.400,-23.581,0.970,278.161,7.025,5.611
6.420,-23.721,0.964,278.155,7.000,5.502
6.440,-23.860,0.950,278.148,6.998,5.394
6.460,-23.989,0.934,278.143,6.900,5.295
6.480,-24.131,0.921,278.137,7.457,5.188
6.500,-24.278,0.901,278.130,7.702,5.079
6.520,-24.429,0.875,278.124,7.957,4.968
6.540,-24.585,0.843,278.118,8.213,4.857
6.560,-24.745,0.807,278.111,8.475,4.745
6.580,-24.909,0.766,278.104,8.517,4.633
6.600,-25.072,0.718,278.098,8.576,4.525
6.620,-25.234,0.664,278.091,8.821,4.421
6.640,-25.321,0.638,278.088,7.007,4.367
6.660,-25.454,0.704,278.082,7.714,4.286
6.680,-25.593,0.764,278.075,7.838,4.205
6.700,-25.735,0.822,278.069,7.950,4.124
6.720,-25.882,0.872,278.062,8.086,4.045
6.740,-26.035,0.914,278.056,8.228,3.967
6.760,-26.193,0.953,278.049,8.087,3.891
6.780,-26.350,0.983,278.042,7.964,3.820
6.800,-26.506,1.005,278.035,7.861,3.755
6.820,-26.661,1.020,278.028,7.778,3.695
6.840,-26.815,1.026,278.021,7.715,3.642
6.860,-26.968,1.025,278.014,7.672,3.594
6.880,-27.120,1.016,278.008,7.650,3.553
6.900,-27.272,0.999,278.001,7.647,3.518
6.920,-27.422,0.974,277.994,7.664,3.490
6.940,-27.571,0.945,277.988,7.899,3.468
6.960,-27.725,0.912,277.981,7.934,3.452
6.980,-27.878,0.872,277.975,7.986,3.442
7.000,-28.031,0.824,277.968,8.055,3.440
7.020,-28.182,0.768,277.962,8.142,3.444
7.040,-28.333,0.705,277.955,8.244,3.455
7.060,-28.481,0.637,277.949,8.441,3.472
7.080,-28.631,0.578,277.943,8.428,3.495
7.100,-28.779,0.571,277.936,8.018,3.524
7.120,-28.941,0.561,277.929,8.511,3.563
7.140,-29.107,0.568,277.924,8.615,3.608
7.160,-29.274,0.572,277.918,8.669,3.661
7.180,-29.448,0.577,277.911,9.043,3.724
7.200,-29.623,0.583,277.904,9.067,3.795
7.220,-29.804,0.590,277.897,9.309,3.874
7.240,-29.989,0.597,277.890,9.496,3.963
7.260,-30.178,0.603,277.883,9.723,4.060
7.280,-30.371,0.608,277.875,9.880,4.165
7.300,-30.567,0.612,277.868,10.075,4.279
7.320,-30.767,0.614,277.860,10.235,4.401
7.340,-30.971,0.616,277.852,10.416,4.531
7.360,-31.178,0.617,277.844,10.574,4.668
7.380,-31.388,0.617,277.836,10.740,4.812
7.400,-31.601,0.617,277.828,10.893,4.964
7.420,-31.817,0.617,277.819,11.049,5.122
7.440,-32.036,0.616,277.810,11.195,5.287
7.460,-32.258,0.615,277.801,11.342,5.457
7.480,-32.483,0.615,277.792,11.481,5.634
7.500,-32.710,0.614,277.783,11.619,5.816
7.520,-32.940,0.614,277.774,11.751,6.003
7.540,-33.173,0.614,277.765,11.881,6.177
7.560,-33.409,0.613,277.755,12.006,5.994
7.580,-33.647,0.613,277.746,12.129,5.813
7.600,-33.887,0.613,277.736,12.247,5.635
7.620,-34.130,0.613,277.726,12.362,5.460
7.640,-34.375,0.613,277.716,12.474,5.288
7.660,-34.622,0.613,277.706,12.582,5.121
7.680,-34.872,0.613,277.696,12.687,4.960
7.700,-35.123,0.613,277.686,12.789,4.805
7.720,-35.377,0.613,277.676,12.888,4.657
7.740,-35.632,0.613,277.666,12.984,4.517
7.760,-35.890,0.613,277.655,13.077,4.387
7.780,-36.149,0.613,277.645,13.168,4.268
7.800,-36.410,0.613,277.634,13.255,4.161
7.820,-36.673,0.613,277.623,13.340,4.067
7.840,-36.937,0.613,277.613,13.422,3.988
7.860,-37.204,0.613,277.602,13.502,3.925
7.880,-37.471,0.613,277.591,13.579,3.880
7.900,-37.740,0.614,277.580,13.653,3.852
7.920,-38.011,0.613,277.569,13.730,3.843
7.940,-38.283,0.612,277.558,13.793,3.853
7.960,-38.557,0.612,277.547,13.865,3.882
7.980,-38.831,0.611,277.536,13.928,3.931
8.000,-39.108,0.611,277.524,13.994,3.999
8.020,-39.385,0.610,277.510,14.052,4.087
8.040,-39.663,0.609,277.494,14.107,4.194
8.060,-39.943,0.609,277.474,14.159,4.320
8.080,-40.222,0.609,277.449,14.206,4.465
8.100,-40.502,0.609,277.419,14.248,4.627
8.120,-40.783,0.609,277.383,14.285,4.805
8.140,-41.062,0.609,277.341,14.316,4.998
8.160,-41.342,0.609,277.291,14.343,5.204
8.180,-41.620,0.610,277.233,14.365,5.423
8.200,-41.896,0.610,277.168,14.385,5.653
8.220,-42.171,0.610,277.093,14.402,5.892
8.240,-42.444,0.610,277.010,14.415,6.141
8.260,-42.714,0.610,276.917,14.426,6.397
8.280,-42.980,0.611,276.814,14.436,6.659
8.300,-43.242,0.611,276.702,14.443,6.928
8.320,-43.500,0.611,276.579,14.449,6.959
8.340,-43.753,0.611,276.446,14.451,6.692
8.360,-44.001,0.611,276.303,14.455,6.422
8.380,-44.243,0.611,276.151,14.458,6.150
8.400,-44.479,0.611,275.990,14.460,5.876
8.420,-44.709,0.611,275.820,14.462,5.600
8.440,-44.932,0.611,275.641,14.463,5.322
8.460,-45.149,0.611,275.454,14.464,5.042
8.480,-45.357,0.611,275.258,14.465,4.761
8.500,-45.559,0.611,275.055,14.465,4.478
8.520,-45.753,0.611,274.845,14.465,4.194
8.540,-45.938,0.611,274.627,14.464,3.910
8.560,-46.115,0.611,274.403,14.464,3.624
8.580,-46.284,0.611,274.172,14.463,3.338
8.600,-46.444,0.611,273.935,14.461,3.052
8.620,-46.595,0.611,273.692,14.460,2.767
8.640,-46.737,0.611,273.443,14.459,2.482
8.660,-46.870,0.611,273.190,14.457,2.199
8.680,-46.993,0.611,272.932,14.455,1.918
8.700,-47.107,0.611,272.670,14.454,1.643
8.720,-47.211,0.611,272.404,14.452,1.375
8.740,-47.305,0.611,272.134,14.450,1.122
8.760,-47.389,0.611,271.861,14.448,0.895
8.780,-47.463,0.611,271.585,14.446,0.721
8.800,-47.528,0.612,271.307,14.430,0.645
8.820,-47.584,0.612,271.027,14.444,0.697
8.840,-47.632,0.613,270.745,14.451,0.854
8.860,-47.673,0.612,270.461,14.479,1.070
8.880,-47.708,0.612,270.177,14.488,1.317
8.900,-47.739,0.611,269.891,14.518,1.579
8.920,-47.765,0.611,269.605,14.542,1.851
8.940,-47.788,0.611,269.318,14.561,2.128
8.960,-47.808,0.612,269.030,14.598,2.409
8.980,-47.825,0.613,268.741,14.623,2.693
9.000,-47.839,0.613,268.451,14.671,2.980
9.020,-47.854,0.612,268.160,14.699,3.267
9.040,-47.869,0.611,267.869,14.720,3.556
9.060,-47.884,0.610,267.577,14.756,3.845
9.080,-47.898,0.610,267.285,14.783,4.136
9.100,-47.911,0.610,266.992,14.809,4.428
9.120,-47.920,0.610,266.698,14.843,4.721
9.140,-47.924,0.610,266.404,14.863,5.014
9.160,-47.923,0.609,266.109,14.882,5.309
9.180,-47.916,0.609,265.814,14.896,5.191
9.200,-47.902,0.609,265.520,14.903,4.935
9.220,-47.880,0.609,265.225,14.906,4.680
9.240,-47.852,0.609,264.931,14.916,4.427
9.260,-47.818,0.609,264.637,14.930,4.176
9.280,-47.779,0.609,264.344,14.944,3.927
9.300,-47.735,0.610,264.051,14.963,3.683
9.320,-47.689,0.610,263.758,14.985,3.444
9.340,-47.640,0.610,263.465,15.000,3.214
9.360,-47.590,0.610,263.171,15.000,2.994
9.380,-47.539,0.610,262.878,15.000,2.788
9.400,-47.488,0.610,262.585,15.000,2.601
9.420,-47.439,0.610,262.291,15.000,2.436
9.440,-47.391,0.610,261.997,15.000,2.300
9.460,-47.345,0.610,261.703,15.000,2.198
9.480,-47.301,0.610,261.409,15.000,2.134
9.500,-47.258,0.610,261.114,15.000,2.112
9.520,-47.215,0.610,260.820,15.000,2.132
9.540,-47.174,0.610,260.525,15.000,2.194
9.560,-47.132,0.610,260.230,15.000,2.293
9.580,-47.089,0.610,259.936,15.000,2.424
9.600,-47.044,0.610,259.641,15.000,2.580
9.620,-46.996,0.610,259.348,15.000,2.757
9.640,-46.943,0.610,259.055,15.000,2.951
9.660,-46.884,0.610,258.763,15.000,3.156
9.680,-46.820,0.610,258.473,15.000,3.372
9.700,-46.750,0.610,258.184,15.000,3.595
9.720,-46.672,0.610,257.897,15.000,3.823
9.740,-46.586,0.610,257.613,15.000,4.055
9.760,-46.492,0.610,257.331,14.997,4.290
9.780,-46.389,0.610,257.053,14.991,4.527
9.800,-46.277,0.610,256.778,14.983,4.765
9.820,-46.155,0.610,256.507,14.975,5.003
9.840,-46.025,0.610,256.241,14.964,5.241
9.860,-45.884,0.611,255.981,14.953,5.478
9.880,-45.734,0.611,255.726,14.939,5.714
9.900,-45.575,0.611,255.477,14.927,5.948
9.920,-45.407,0.611,255.234,14.917,6.183
9.940,-45.233,0.611,254.996,14.910,6.416
9.960,-45.051,0.611,254.763,14.906,6.650
9.980,-44.863,0.611,254.535,14.907,6.883
10.000,-44.670,0.611,254.312,14.912,7.117
10.020,-44.472,0.611,254.093,14.921,7.352
10.040,-44.270,0.611,253.877,14.937,7.588
10.060,-44.065,0.611,253.663,14.955,7.826
10.080,-43.857,0.610,253.452,14.975,8.067
10.100,-43.647,0.610,253.241,14.996,8.310
10.120,-43.436,0.610,253.032,15.000,8.557
10.140,-43.224,0.610,252.823,15.000,8.806
10.160,-43.013,0.610,252.613,15.000,9.058
10.180,-42.802,0.610,252.403,15.000,9.314
10.200,-42.592,0.610,252.192,15.000,9.573
10.220,-42.384,0.610,251.979,15.000,9.835
10.240,-42.177,0.610,251.765,15.000,10.099
10.260,-41.972,0.610,251.550,15.000,10.366
10.280,-41.767,0.610,251.334,15.000,10.636
10.300,-41.563,0.610,251.117,15.000,10.907
10.320,-41.360,0.610,250.900,15.000,11.180
10.340,-41.157,0.610,250.681,15.000,11.036
10.360,-40.956,0.610,250.462,15.000,10.743
10.380,-40.755,0.610,250.243,15.000,10.450
10.400,-40.555,0.610,250.022,15.000,10.157
10.420,-40.357,0.610,249.800,15.000,9.863
10.440,-40.162,0.610,249.575,15.000,9.570
10.460,-39.971,0.610,249.347,15.000,9.276
10.480,-39.783,0.610,249.117,15.000,8.981
10.500,-39.600,0.610,248.882,15.000,8.686
10.520,-39.422,0.610,248.644,15.000,8.391
10.540,-39.250,0.610,248.401,15.000,8.095
10.560,-39.085,0.610,248.154,15.000,7.798
10.580,-38.927,0.610,247.903,14.999,7.501
10.600,-38.777,0.610,247.647,14.995,7.204
10.620,-38.634,0.610,247.386,14.991,6.908
10.640,-38.501,0.611,247.121,14.984,6.611
10.660,-38.377,0.611,246.852,14.976,6.316
10.680,-38.262,0.611,246.579,14.965,6.023
10.700,-38.155,0.611,246.303,14.963,5.731
10.720,-38.056,0.611,246.023,14.958,5.441
10.740,-37.965,0.611,245.741,14.958,5.155
10.760,-37.881,0.611,245.457,14.962,4.871
10.780,-37.803,0.611,245.171,14.973,4.591
10.800,-37.730,0.611,244.883,14.987,4.314
10.820,-37.661,0.611,244.594,15.000,4.042
10.840,-37.595,0.611,244.304,15.000,3.775
10.860,-37.531,0.610,244.014,15.000,3.514
10.880,-37.469,0.610,243.723,15.000,3.259
10.900,-37.406,0.610,243.431,15.000,3.013
10.920,-37.344,0.610,243.140,15.000,2.777
10.940,-37.280,0.610,242.850,15.000,2.552
10.960,-37.215,0.610,242.559,15.000,2.343
10.980,-37.148,0.610,242.269,15.000,2.153
11.000,-37.080,0.610,241.980,15.000,1.989
11.020,-37.010,0.610,241.690,15.000,1.858
11.040,-36.940,0.610,241.401,15.000,1.766
11.060,-36.869,0.610,241.112,15.000,1.721
11.080,-36.797,0.610,240.823,15.000,1.725
11.100,-36.725,0.610,240.534,15.000,1.780
11.120,-36.651,0.610,240.246,15.000,1.880
11.140,-36.578,0.610,239.957,15.000,2.018
11.160,-36.503,0.610,239.669,15.000,2.189
11.180,-36.428,0.610,239.381,15.000,2.384
11.200,-36.353,0.610,239.093,15.000,2.598
11.220,-36.277,0.610,238.805,15.000,2.827
11.240,-36.200,0.610,238.517,15.000,3.067
11.260,-36.124,0.610,238.230,15.000,3.317
11.280,-36.046,0.610,237.942,15.000,3.574
11.300,-35.969,0.610,237.655,15.000,3.837
11.320,-35.891,0.610,237.367,15.000,4.104
11.340,-35.814,0.610,237.080,15.000,4.375
11.360,-35.735,0.610,236.793,15.000,4.649
11.380,-35.657,0.610,236.505,15.000,4.926
11.400,-35.578,0.610,236.218,15.000,5.205
11.420,-35.500,0.610,235.931,15.000,5.486
11.440,-35.421,0.610,235.644,15.000,5.325
11.460,-35.342,0.610,235.357,15.000,5.051
11.480,-35.262,0.610,235.070,15.000,4.779
11.500,-35.184,0.610,234.783,15.000,4.511
11.520,-35.108,0.610,234.495,15.000,4.247
11.540,-35.034,0.610,234.207,15.000,3.990
11.560,-34.964,0.610,233.917,15.000,3.742
11.580,-34.899,0.610,233.627,15.000,3.504
11.600,-34.840,0.610,233.336,15.000,3.279
11.620,-34.787,0.610,233.043,15.000,3.072
11.640,-34.741,0.610,232.750,15.000,2.887
11.660,-34.702,0.610,232.455,15.000,2.728
11.680,-34.672,0.610,232.159,15.000,2.601
11.700,-34.651,0.610,231.863,14.997,2.512
11.720,-34.639,0.610,231.567,14.987,2.465
11.740,-34.638,0.612,231.270,14.959,2.464
11.760,-34.647,0.614,230.974,14.931,2.509
11.780,-34.667,0.619,230.680,14.881,2.597
11.800,-34.698,0.626,230.386,14.869,2.723
11.820,-34.737,0.637,230.095,14.797,2.882
11.840,-34.785,0.650,229.804,14.857,3.067
11.860,-34.837,0.668,229.516,14.714,3.270
11.880,-34.894,0.689,229.226,14.904,3.491
11.900,-34.953,0.716,228.941,14.679,3.721
11.920,-35.014,0.748,228.652,14.912,3.963
11.940,-35.075,0.783,228.369,14.668,4.207
11.960,-35.138,0.823,228.081,14.917,4.462
11.980,-35.199,0.867,227.799,14.652,4.715
12.000,-35.260,0.917,227.512,14.929,4.977
12.020,-35.318,0.970,227.231,14.614,5.234
12.040,-35.374,1.027,226.945,14.928,5.499
12.060,-35.428,1.088,226.666,14.565,5.758
12.080,-35.481,1.153,226.381,14.907,6.025
12.100,-35.532,1.220,226.104,14.530,6.285
12.120,-35.582,1.293,225.821,14.872,6.553
12.140,-35.630,1.367,225.546,14.492,6.813
12.160,-35.679,1.447,225.265,14.830,7.080
12.180,-35.725,1.527,224.993,14.445,7.340
12.200,-35.771,1.614,224.715,14.781,7.607
12.220,-35.816,1.700,224.446,14.388,7.866
12.240,-35.865,1.792,224.171,14.720,8.132
12.260,-35.914,1.885,223.906,14.345,8.392
12.280,-35.969,1.981,223.637,14.620,8.657
12.300,-36.027,2.078,223.376,14.262,8.917
12.320,-36.091,2.179,223.113,14.514,9.051
12.340,-36.158,2.279,222.859,14.162,8.819
12.360,-36.234,2.384,222.605,14.366,8.582
12.380,-36.314,2.488,222.359,14.038,8.350
12.400,-36.403,2.596,222.113,14.215,8.114
12.420,-36.497,2.703,221.877,13.910,7.882
12.440,-36.600,2.811,221.642,14.055,7.645
12.460,-36.708,2.921,221.417,13.762,7.413
12.480,-36.826,3.029,221.193,13.876,7.176
12.500,-36.949,3.139,220.980,13.615,6.943
12.520,-37.083,3.248,220.771,13.706,6.705
12.540,-37.222,3.355,220.570,13.511,6.469
12.560,-37.371,3.464,220.375,13.570,6.230
12.580,-37.525,3.569,220.186,13.480,5.991
12.600,-37.686,3.673,220.003,13.431,5.751
12.620,-37.853,3.773,219.826,13.384,5.510
12.640,-38.026,3.870,219.653,13.378,5.267
12.660,-38.206,3.963,219.486,13.366,5.023
12.680,-38.393,4.051,219.324,13.361,4.776
12.700,-38.586,4.135,219.168,13.369,4.528
12.720,-38.785,4.215,219.017,13.384,4.278
12.740,-38.992,4.291,218.871,13.412,4.025
12.760,-39.204,4.366,218.731,13.400,3.772
12.780,-39.421,4.436,218.597,13.436,3.518
12.800,-39.645,4.503,218.469,13.474,3.263
12.820,-39.874,4.564,218.348,13.513,3.009
12.840,-40.109,4.622,218.233,13.551,2.756
12.860,-40.350,4.674,218.126,13.592,2.505
12.880,-40.595,4.720,218.025,13.636,2.259
12.900,-40.846,4.762,217.933,13.686,2.019
12.920,-41.101,4.800,217.848,13.549,1.792
12.940,-41.354,4.830,217.763,13.425,1.578
12.960,-41.606,4.852,217.679,13.312,1.384
12.980,-41.857,4.866,217.596,13.212,1.219
13.000,-42.106,4.872,217.512,13.124,1.093
13.020,-42.353,4.870,217.430,13.048,1.021
13.040,-42.599,4.860,217.347,12.984,1.013
13.060,-42.843,4.843,217.266,13.086,1.069
13.080,-43.090,4.824,217.192,13.143,1.187
13.100,-43.343,4.804,217.127,13.296,1.354
13.120,-43.596,4.783,217.071,13.225,1.552
13.140,-43.857,4.764,217.023,13.518,1.776
13.160,-44.117,4.746,216.985,13.378,2.011
13.180,-44.385,4.729,216.954,13.704,2.262
13.200,-44.639,4.741,216.929,13.273,2.504
13.220,-44.903,4.744,216.917,13.382,2.762
13.240,-45.170,4.744,216.914,13.538,3.024
13.260,-45.439,4.740,216.919,13.639,3.291
13.280,-45.710,4.734,216.933,13.724,3.560
13.300,-45.981,4.726,216.957,13.805,3.832
13.320,-46.253,4.717,216.989,13.885,4.106
13.340,-46.525,4.706,217.031,13.961,4.381
13.360,-46.797,4.695,217.081,14.034,4.658
13.380,-47.069,4.684,217.139,14.104,4.935
13.400,-47.341,4.672,217.204,14.171,4.907
13.420,-47.612,4.661,217.276,14.234,4.652
13.440,-47.883,4.651,217.354,14.296,4.402
13.460,-48.153,4.641,217.437,14.355,4.157
13.480,-48.424,4.632,217.525,14.414,3.920
13.500,-48.690,4.636,217.619,14.415,3.694
13.520,-48.960,4.636,217.716,14.484,3.475
13.540,-49.228,4.635,217.816,14.527,3.269
13.560,-49.498,4.632,217.920,14.595,3.077
13.580,-49.767,4.629,218.026,14.639,2.902
13.600,-50.036,4.625,218.134,14.699,2.747
13.620,-50.307,4.620,218.243,14.742,2.616
13.640,-50.577,4.615,218.352,14.774,2.513
13.660,-50.847,4.612,218.462,14.772,2.440
13.680,-51.118,4.609,218.570,14.765,2.399
13.700,-51.387,4.607,218.676,14.697,2.392
13.720,-51.658,4.606,218.783,14.737,2.420
13.740,-51.930,4.605,218.889,14.773,2.481
13.760,-52.202,4.606,218.994,14.807,2.574
13.780,-52.476,4.607,219.099,14.829,2.695
13.800,-52.751,4.613,219.204,14.833,2.840
13.820,-52.887,4.618,219.256,14.118,2.921
13.840,-53.133,4.708,219.359,14.184,3.088
13.860,-53.380,4.795,219.461,14.131,3.267
13.880,-53.629,4.880,219.563,14.273,3.459
13.900,-53.881,4.962,219.665,14.310,3.661
13.920,-54.134,5.039,219.766,14.117,3.872
13.940,-54.386,5.108,219.867,13.936,4.089
13.960,-54.636,5.168,219.967,13.767,4.311
13.980,-54.884,5.221,220.066,13.609,4.537
14.000,-55.132,5.265,220.165,13.463,4.765
14.020,-55.377,5.302,220.263,13.329,4.996
14.040,-55.466,5.312,220.299,12.470,5.081
14.060,-55.713,5.332,220.300,12.546,5.243
14.080,-55.961,5.345,220.300,12.634,5.414
14.100,-56.212,5.350,220.302,12.733,5.593
14.120,-56.465,5.346,220.303,12.842,5.779
14.140,-56.719,5.335,220.305,12.960,5.971
14.160,-56.976,5.317,220.306,13.087,6.170
14.180,-57.235,5.290,220.309,13.221,6.293
14.200,-57.496,5.256,220.310,13.356,6.091
14.220,-57.758,5.214,220.312,13.501,5.892
14.240,-58.023,5.164,220.314,13.651,5.698
14.260,-58.288,5.106,220.316,13.806,5.509
14.280,-58.556,5.041,220.319,13.966,5.325
14.300,-58.824,4.968,220.321,14.130,5.147
14.320,-59.094,4.888,220.323,14.298,4.977
14.340,-59.366,4.800,220.326,14.467,4.815
14.360,-59.572,4.728,220.328,12.769,4.699
14.380,-59.814,4.772,220.328,12.447,4.569
14.400,-60.053,4.814,220.328,12.331,4.450
14.420,-60.294,4.854,220.328,12.385,4.340
14.440,-60.537,4.890,220.329,12.486,4.240
14.460,-60.782,4.922,220.330,12.560,4.152
14.480,-61.030,4.946,220.332,12.645,4.076
14.500,-61.278,4.964,220.335,12.647,4.017
14.520,-61.523,4.982,220.340,12.530,3.974
14.540,-61.772,4.996,220.343,12.656,3.943
14.560,-62.023,5.006,220.343,12.564,3.925
14.580,-62.273,5.009,220.344,12.686,3.922
14.600,-62.525,5.004,220.344,12.817,3.937
14.620,-62.780,4.990,220.346,12.760,3.969
14.640,-63.033,4.970,220.347,12.716,4.016
14.660,-63.284,4.941,220.348,12.684,4.078
14.680,-63.534,4.905,220.350,12.663,4.153
14.700,-63.782,4.863,220.351,12.759,4.241
14.720,-64.032,4.818,220.344,12.753,4.335
14.740,-64.281,4.765,220.337,12.758,4.441
14.760,-64.383,4.763,220.324,9.437,4.479
14.780,-64.563,4.799,220.302,9.567,4.551
14.800,-64.745,4.835,220.276,9.676,4.627
14.820,-64.931,4.877,220.247,9.912,4.708
14.840,-65.120,4.900,220.210,9.897,4.792
14.860,-65.310,4.918,220.166,9.800,4.877
14.880,-65.499,4.929,220.123,9.720,4.968
14.900,-65.688,4.932,220.080,9.657,5.065
14.920,-65.875,4.926,220.037,9.609,5.166
14.940,-66.061,4.914,219.994,9.578,5.271
14.960,-66.246,4.893,219.952,9.563,5.381
14.980,-66.429,4.865,219.910,9.563,5.494
15.000,-66.493,4.852,219.895,8.336,5.534
15.020,-66.644,4.908,219.847,8.626,5.623
15.040,-66.797,4.961,219.796,8.780,5.715
15.060,-66.955,5.009,219.741,8.618,5.812
15.080,-67.111,5.050,219.687,8.474,5.911
15.100,-67.267,5.082,219.633,8.348,6.012
15.120,-67.421,5.106,219.580,8.241,6.115
15.140,-67.575,5.123,219.526,8.152,6.220
15.160,-67.727,5.131,219.473,8.083,6.328
15.180,-67.879,5.132,219.421,8.033,6.436
15.200,-68.030,5.125,219.369,8.002,6.546
15.220,-68.180,5.110,219.317,7.991,6.658
15.240,-68.329,5.087,219.265,7.999,6.771
15.260,-68.477,5.056,219.214,8.025,6.884
15.280,-68.625,5.019,219.163,8.070,6.999
15.300,-68.771,4.973,219.112,8.132,7.115
15.320,-68.916,4.920,219.062,8.210,7.231
15.340,-69.061,4.859,219.012,8.305,7.348
15.360,-69.205,4.791,218.962,8.415,7.466
15.380,-69.348,4.716,218.912,8.539,7.584
15.400,-69.434,4.679,218.862,5.436,7.649
15.420,-69.516,4.660,218.814,5.160,7.712
15.440,-69.606,4.668,218.776,5.121,7.786
15.460,-69.700,4.677,218.745,5.186,7.867
15.480,-69.802,4.694,218.714,5.599,7.955
15.500,-69.907,4.715,218.689,5.671,8.049
15.520,-70.018,4.729,218.672,5.919,8.151
15.540,-70.131,4.743,218.660,5.954,8.256
15.560,-70.250,4.758,218.653,6.229,8.368
15.580,-70.370,4.768,218.649,6.352,8.483
15.600,-70.494,4.772,218.649,6.528,8.603
15.620,-70.619,4.777,218.653,6.633,8.725
15.640,-70.745,4.795,218.661,6.818,8.848
15.660,-70.874,4.821,218.669,7.044,8.976
15.680,-71.005,4.848,218.678,7.120,9.105
15.700,-71.142,4.869,218.688,7.344,9.240
15.720,-71.286,4.884,218.701,7.606,9.383
15.740,-71.432,4.900,218.715,7.705,9.528
15.760,-71.587,4.912,218.731,8.126,9.682
15.780,-71.744,4.910,218.748,8.119,9.839
15.800,-71.904,4.904,218.766,8.085,9.999
15.820,-72.064,4.890,218.785,8.070,10.158
15.840,-72.222,4.868,218.803,8.074,10.241
15.860,-72.380,4.839,218.822,8.096,10.092
15.880,-72.536,4.802,218.840,8.137,9.945
15.900,-72.692,4.758,218.858,8.195,9.798
15.920,-72.846,4.706,218.876,8.269,9.653
15.940,-73.000,4.647,218.894,8.360,9.509
15.960,-73.147,4.590,218.910,8.278,9.371
15.980,-73.297,4.554,218.925,8.056,9.232
16.000,-73.458,4.580,218.941,8.484,9.081
16.020,-73.622,4.592,218.956,8.584,8.928
16.040,-73.792,4.601,218.972,8.842,8.769
16.060,-73.965,4.609,218.988,9.012,8.608
16.080,-74.142,4.614,219.005,9.178,8.445
16.100,-74.323,4.618,219.021,9.354,8.278
16.120,-74.507,4.619,219.038,9.525,8.109
16.140,-74.694,4.620,219.055,9.674,7.938
16.160,-74.885,4.620,219.073,9.888,7.763
16.180,-75.080,4.619,219.090,10.036,7.587
16.200,-75.279,4.617,219.108,10.243,7.407
16.220,-75.480,4.616,219.126,10.375,7.227
16.240,-75.686,4.615,219.144,10.584,7.043
16.260,-75.894,4.614,219.162,10.695,6.859
16.280,-76.107,4.613,219.181,10.907,6.672
16.300,-76.321,4.612,219.199,11.001,6.486
16.320,-76.540,4.612,219.218,11.210,6.297
16.340,-76.760,4.612,219.237,11.296,6.109
16.360,-76.984,4.612,219.257,11.494,5.920
16.380,-77.210,4.612,219.276,11.578,5.732
16.400,-77.440,4.612,219.296,11.760,5.544
16.420,-77.672,4.612,219.316,11.848,5.358
16.440,-77.907,4.612,219.336,12.010,5.173
16.460,-78.144,4.612,219.357,12.103,4.992
16.480,-78.383,4.612,219.380,12.244,4.814
16.500,-78.624,4.613,219.405,12.340,4.642
16.520,-78.868,4.613,219.433,12.460,4.477
16.540,-79.113,4.613,219.466,12.552,4.321
16.560,-79.359,4.613,219.503,12.654,4.177
16.580,-79.606,4.613,219.545,12.737,4.047
16.600,-79.853,4.613,219.594,12.821,3.933
16.620,-80.101,4.613,219.650,12.893,3.838
16.640,-80.349,4.613,219.712,12.965,3.765
16.660,-80.595,4.613,219.783,13.028,3.714
16.680,-80.841,4.614,219.862,13.089,3.689
16.700,-81.085,4.614,219.949,13.143,3.691
16.720,-81.326,4.614,220.045,13.195,3.720
16.740,-81.565,4.614,220.150,13.243,3.776
16.760,-81.801,4.614,220.264,13.295,3.858
16.780,-81.906,4.614,220.320,11.849,3.905
16.800,-82.139,4.612,220.312,11.861,3.888
16.820,-82.372,4.609,220.316,11.888,3.896
16.840,-82.603,4.604,220.319,11.773,3.917
16.860,-82.834,4.597,220.334,11.830,3.962
16.880,-83.064,4.588,220.353,11.825,4.026
16.900,-83.295,4.577,220.384,11.927,4.112
16.920,-83.528,4.562,220.425,12.045,4.220
16.940,-83.760,4.546,220.477,12.128,4.348
16.960,-83.992,4.526,220.540,12.257,4.495
16.980,-84.199,4.510,220.536,10.568,4.579
17.000,-84.408,4.488,220.542,10.701,4.680
17.020,-84.619,4.462,220.556,10.842,4.796
17.040,-84.832,4.431,220.580,10.981,4.927
17.060,-85.046,4.396,220.611,10.977,5.071
17.080,-85.258,4.353,220.642,10.987,5.219
17.100,-85.469,4.303,220.673,11.011,5.370
17.120,-85.679,4.246,220.704,11.047,5.525
17.140,-85.888,4.181,220.734,11.096,5.683
17.160,-86.096,4.108,220.764,11.157,5.843
17.180,-86.302,4.029,220.795,11.230,6.005
17.200,-86.507,3.941,220.825,11.314,6.169
17.220,-86.711,3.847,220.855,11.409,6.334
17.240,-86.913,3.746,220.884,11.515,6.501
17.260,-87.115,3.637,220.914,11.630,6.668
17.280,-87.315,3.521,220.943,11.755,6.837
17.300,-87.514,3.398,220.972,11.889,7.006
17.320,-87.707,3.276,221.001,11.707,7.173
17.340,-87.904,3.158,221.042,11.832,7.352
17.360,-88.104,3.097,221.083,11.200,7.534
17.380,-88.306,3.011,221.135,11.392,7.725
17.400,-88.509,2.927,221.198,11.619,7.924
17.420,-88.711,2.844,221.265,11.615,8.126
17.440,-88.914,2.778,221.337,11.530,8.333
17.460,-89.118,2.706,221.417,11.695,8.544
17.480,-89.320,2.633,221.504,11.800,8.760
17.500,-89.522,2.560,221.597,11.894,8.978
17.520,-89.720,2.487,221.699,11.913,9.199
17.540,-89.914,2.415,221.811,11.964,9.422
17.560,-90.103,2.345,221.935,12.021,9.648
17.580,-90.287,2.277,222.066,11.991,9.552
17.600,-90.465,2.210,222.207,12.057,9.380
17.620,-90.636,2.147,222.358,12.067,9.201
17.640,-90.803,2.084,222.517,12.145,9.017
17.660,-90.965,2.021,222.684,12.244,8.828
17.680,-91.122,1.959,222.859,12.320,8.635
17.700,-91.275,1.898,223.040,12.427,8.437
17.720,-91.424,1.838,223.229,12.530,8.235
17.740,-91.569,1.778,223.423,12.635,8.029
17.760,-91.712,1.719,223.620,12.702,7.822
17.780,-91.855,1.659,223.823,12.884,7.613
17.800,-91.995,1.602,224.028,12.907,7.403
17.820,-92.136,1.545,224.239,13.123,7.190
17.840,-92.276,1.488,224.451,13.146,6.979
17.860,-92.415,1.431,224.668,13.341,6.764
17.880,-92.551,1.376,224.889,13.369,6.551
17.900,-92.684,1.322,225.115,13.522,6.334
17.920,-92.813,1.269,225.345,13.558,6.117
17.940,-92.938,1.218,225.580,13.688,5.898
17.960,-93.057,1.168,225.819,13.719,5.678
17.980,-93.171,1.120,226.064,13.831,5.456
18.000,-93.278,1.073,226.312,13.847,5.233
18.020,-93.377,1.027,226.566,13.949,5.009
18.040,-93.469,0.984,226.823,13.948,4.783
18.060,-93.552,0.941,227.085,14.042,4.555
18.080,-93.626,0.901,227.350,14.026,4.328
18.100,-93.689,0.863,227.620,14.111,4.097
18.120,-93.743,0.827,227.892,14.076,3.868
18.140,-93.786,0.794,228.167,14.161,3.636
18.160,-93.817,0.762,228.443,14.099,3.406
18.180,-93.837,0.733,228.723,14.197,3.174
18.200,-93.845,0.707,229.001,14.116,2.945
18.220,-93.842,0.683,229.282,14.222,2.716
18.240,-93.829,0.662,229.562,14.144,2.493
18.260,-93.806,0.643,229.843,14.245,2.273
18.280,-93.774,0.628,230.121,14.156,2.063
18.300,-93.733,0.614,230.401,14.269,1.864
18.320,-93.685,0.604,230.678,14.163,1.684
18.340,-93.630,0.597,230.957,14.331,1.527
18.360,-93.569,0.592,231.232,14.212,1.405
18.380,-93.503,0.589,231.510,14.403,1.328
18.400,-93.435,0.589,231.786,14.294,1.307
18.420,-93.363,0.590,232.063,14.446,1.344
18.440,-93.290,0.592,232.339,14.416,1.438
18.460,-93.217,0.595,232.617,14.498,1.578
18.480,-93.143,0.598,232.895,14.522,1.755
18.500,-93.069,0.601,233.173,14.571,1.959
18.520,-92.995,0.604,233.453,14.608,2.183
18.540,-92.923,0.607,233.734,14.646,2.423
18.560,-92.853,0.609,234.015,14.682,2.673
18.580,-92.783,0.610,234.298,14.718,2.933
18.600,-92.715,0.612,234.582,14.746,3.199
18.620,-92.647,0.613,234.867,14.789,3.470
18.640,-92.580,0.614,235.152,14.818,3.745
18.660,-92.514,0.613,235.439,14.856,4.024
18.680,-92.449,0.614,235.726,14.874,4.306
18.700,-92.384,0.614,236.014,14.916,4.590
18.720,-92.320,0.613,236.302,14.942,4.876
18.740,-92.257,0.612,236.592,14.977,4.837
18.760,-92.194,0.611,236.882,14.997,4.546
18.780,-92.131,0.610,237.173,15.000,4.255
18.800,-92.069,0.610,237.465,15.000,3.965
18.820,-92.008,0.609,237.756,15.000,3.676
18.840,-91.947,0.609,238.047,15.000,3.389
18.860,-91.886,0.610,238.339,15.000,3.103
18.880,-91.826,0.611,238.631,15.000,2.819
18.900,-91.766,0.612,238.922,15.000,2.539
18.920,-91.707,0.612,239.214,15.000,2.263
18.940,-91.648,0.612,239.506,15.000,1.994
18.960,-91.590,0.613,239.798,15.000,1.732
18.980,-91.535,0.613,240.090,15.000,1.483
19.000,-91.483,0.612,240.383,15.000,1.254
19.020,-91.435,0.612,240.677,15.000,1.055
19.040,-91.392,0.611,240.971,15.000,0.906
19.060,-91.355,0.611,241.266,15.000,0.835
19.080,-91.326,0.610,241.562,15.000,0.859
19.100,-91.303,0.610,241.858,15.000,0.971
19.120,-91.289,0.610,242.155,15.000,1.145
19.140,-91.283,0.611,242.452,14.998,1.357
19.160,-91.285,0.611,242.749,14.995,1.592
19.180,-91.298,0.611,243.046,14.990,1.839
19.200,-91.320,0.611,243.341,14.983,2.095
19.220,-91.353,0.611,243.636,14.974,2.356
19.240,-91.395,0.611,243.929,14.964,2.619
19.260,-91.447,0.611,244.221,14.958,2.886
19.280,-91.506,0.612,244.511,14.955,3.154
19.300,-91.574,0.612,244.799,14.956,3.424
19.320,-91.648,0.611,245.086,14.962,3.695
19.340,-91.729,0.612,245.372,14.963,3.968
19.360,-91.815,0.613,245.656,14.987,4.242
19.380,-91.904,0.614,245.939,15.000,4.519
19.400,-91.996,0.614,246.222,15.000,4.797
19.420,-92.090,0.614,246.504,15.000,4.925
19.440,-92.186,0.613,246.786,15.000,4.642
19.460,-92.281,0.611,247.068,15.000,4.362
19.480,-92.376,0.611,247.350,15.000,4.083
19.500,-92.469,0.611,247.633,15.000,3.807
19.520,-92.561,0.611,247.916,15.000,3.534
19.540,-92.652,0.610,248.200,15.000,3.264
19.560,-92.740,0.611,248.484,15.000,3.000
19.580,-92.828,0.611,248.768,15.000,2.741
19.600,-92.916,0.611,249.053,15.000,2.490
19.620,-93.002,0.610,249.337,15.000,2.250
19.640,-93.088,0.610,249.622,15.000,2.026
19.660,-93.173,0.609,249.908,15.000,1.821
19.680,-93.257,0.608,250.193,15.000,1.645
19.700,-93.340,0.608,250.479,15.000,1.507
19.720,-93.423,0.608,250.765,15.000,1.418
19.740,-93.506,0.608,251.051,15.000,1.387
19.760,-93.587,0.608,251.338,15.000,1.420
19.780,-93.669,0.609,251.624,15.000,1.511
19.800,-93.748,0.613,251.911,14.990,1.650
19.820,-93.808,0.620,252.134,14.236,1.783
19.840,-93.882,0.713,252.392,14.309,1.964
19.860,-93.951,0.804,252.652,14.281,2.161
19.880,-94.015,0.894,252.914,14.311,2.368
19.900,-94.075,0.975,253.175,14.179,2.584
19.920,-94.133,1.051,253.439,13.988,2.809
19.940,-94.190,1.119,253.701,13.808,3.040
19.960,-94.247,1.179,253.962,13.639,3.275
19.980,-94.303,1.231,254.221,13.483,3.514
20.000,-94.360,1.274,254.479,13.338,3.754
20.020,-94.416,1.310,254.735,13.206,3.997
20.040,-94.471,1.337,254.990,13.086,4.240
20.060,-94.527,1.356,255.243,12.978,4.483
20.080,-94.582,1.368,255.494,12.883,4.727
20.100,-94.636,1.372,255.744,12.800,4.970
20.120,-94.691,1.367,255.993,12.729,5.214
20.140,-94.744,1.356,256.240,12.671,5.457
20.160,-94.798,1.336,256.486,12.626,5.427
20.180,-94.851,1.309,256.730,12.593,5.242
20.200,-94.905,1.274,256.972,12.572,5.063
20.220,-94.957,1.231,257.214,12.563,4.892
20.240,-95.010,1.181,257.453,12.566,4.729
20.260,-95.062,1.123,257.692,12.580,4.573
20.280,-95.113,1.058,257.929,12.606,4.427
20.300,-95.165,0.986,258.164,12.643,4.290
20.320,-95.216,0.906,258.398,12.691,4.163
20.340,-95.267,0.819,258.631,12.749,4.047
20.360,-95.316,0.727,258.855,9.768,3.946
20.380,-95.361,0.796,259.025,9.625,3.882
20.400,-95.405,0.856,259.199,9.723,3.824
20.420,-95.448,0.908,259.378,9.836,3.769
20.440,-95.490,0.955,259.561,9.682,3.720
20.460,-95.533,0.994,259.744,9.544,3.680
20.480,-95.575,1.026,259.926,9.422,3.650
20.500,-95.617,1.049,260.106,9.317,3.629
20.520,-95.659,1.064,260.286,9.228,3.618
20.540,-95.700,1.072,260.464,9.157,3.616
20.560,-95.741,1.071,260.641,9.103,3.623
20.580,-95.782,1.063,260.818,9.066,3.639
20.600,-95.823,1.047,260.993,9.046,3.664
20.620,-95.863,1.023,261.167,9.043,3.697
20.640,-95.904,0.992,261.340,9.057,3.738
20.660,-95.944,0.953,261.512,9.087,3.787
20.680,-95.983,0.907,261.683,9.133,3.843
20.700,-96.023,0.853,261.853,9.194,3.906
20.720,-96.062,0.791,262.022,9.269,3.975
20.740,-96.101,0.722,262.190,9.359,4.049
20.760,-96.136,0.651,262.350,9.182,4.124
20.780,-96.127,0.609,262.462,8.390,4.147
20.800,-96.114,0.629,262.618,8.364,4.183
20.820,-96.094,0.640,262.785,8.723,4.223
20.840,-96.071,0.654,262.953,8.815,4.267
20.860,-96.046,0.670,263.125,9.026,4.317
20.880,-96.020,0.688,263.302,9.243,4.374
20.900,-95.993,0.707,263.480,9.333,4.438
20.920,-95.965,0.728,263.664,9.540,4.510
20.940,-95.938,0.749,263.851,9.726,4.591
20.960,-95.912,0.773,264.041,9.878,4.682
20.980,-95.888,0.798,264.233,9.971,4.780
21.000,-95.865,0.824,264.429,10.140,4.889
21.020,-95.845,0.852,264.628,10.302,5.006
21.040,-95.824,0.882,264.829,10.385,5.130
21.060,-95.804,0.913,265.033,10.551,5.261
21.080,-95.781,0.947,265.239,10.668,5.396
21.100,-95.756,0.983,265.447,10.824,5.536
21.120,-95.728,1.020,265.655,10.863,5.678
21.140,-95.695,1.060,265.866,11.027,5.824
21.160,-95.657,1.101,266.076,11.058,5.970
21.180,-95.613,1.144,266.287,11.186,6.119
21.200,-95.564,1.189,266.498,11.207,6.266
21.220,-95.508,1.236,266.708,11.340,6.415
21.240,-95.444,1.285,266.916,11.309,6.561
21.260,-95.373,1.335,267.124,11.469,6.708
21.280,-95.296,1.386,267.328,11.379,6.852
21.300,-95.212,1.439,267.533,11.557,6.998
21.320,-95.122,1.493,267.734,11.529,7.142
21.340,-95.027,1.548,267.936,11.677,7.289
21.360,-94.930,1.605,268.135,11.616,7.435
21.380,-94.828,1.663,268.335,11.782,7.585
21.400,-94.724,1.723,268.534,11.788,7.737
21.420,-94.618,1.785,268.734,11.912,7.893
21.440,-94.512,1.848,268.933,11.868,8.050
21.460,-94.405,1.912,269.134,11.988,8.212
21.480,-94.296,1.978,269.333,11.991,8.376
21.500,-94.182,2.046,269.532,12.113,8.541
21.520,-94.066,2.114,269.728,12.084,8.706
21.540,-93.943,2.184,269.923,12.181,8.871
21.560,-93.817,2.254,270.114,12.128,9.034
21.580,-93.684,2.324,270.302,12.215,9.196
21.600,-93.545,2.395,270.485,12.177,9.355
21.620,-93.400,2.466,270.665,12.241,9.513
21.640,-93.248,2.536,270.837,12.177,9.666
21.660,-93.089,2.606,271.005,12.241,9.816
21.680,-92.924,2.676,271.166,12.193,9.962
21.700,-92.752,2.744,271.320,12.244,10.105
21.720,-92.573,2.811,271.465,12.183,10.241
21.740,-92.387,2.876,271.604,12.227,10.374
21.760,-92.196,2.940,271.734,12.190,10.502
21.780,-91.998,3.002,271.857,12.231,10.627
21.800,-91.796,3.063,271.973,12.223,10.747
21.820,-91.590,3.121,272.082,12.250,10.866
21.840,-91.379,3.179,272.185,12.281,10.982
21.860,-91.164,3.235,272.283,12.317,11.096
21.880,-90.946,3.290,272.376,12.372,11.211
21.900,-90.725,3.345,272.465,12.412,11.325
21.920,-90.502,3.399,272.552,12.447,11.441
21.940,-90.277,3.452,272.635,12.469,11.559
21.960,-90.051,3.506,272.718,12.554,11.679
21.980,-89.823,3.560,272.799,12.576,11.802
22.000,-89.593,3.616,272.881,12.663,11.929
22.020,-89.363,3.672,272.963,12.693,12.061
22.040,-89.134,3.729,273.046,12.673,12.197
22.060,-88.905,3.787,273.131,12.757,12.338
22.080,-88.676,3.847,273.217,12.723,12.483
22.100,-88.446,3.907,273.303,12.834,12.631
22.120,-88.215,3.967,273.387,12.775,12.781
22.140,-87.982,4.028,273.470,12.913,12.934
22.160,-87.747,4.086,273.551,12.899,13.088
22.180,-87.510,4.143,273.628,12.952,13.242
22.200,-87.272,4.201,273.701,12.948,13.395
22.220,-87.031,4.256,273.769,13.020,13.548
22.240,-86.787,4.308,273.831,13.015,13.699
22.260,-86.540,4.357,273.886,13.065,13.848
22.280,-86.292,4.403,273.934,13.065,13.995
22.300,-86.041,4.447,273.977,13.123,14.140
22.320,-85.788,4.489,274.014,13.140,14.285
22.340,-85.533,4.528,274.046,13.209,14.429
22.360,-85.277,4.566,274.075,13.235,14.574
22.380,-85.019,4.601,274.102,13.308,14.721
22.400,-84.760,4.635,274.126,13.342,14.870
22.420,-84.499,4.667,274.149,13.409,15.021
22.440,-84.237,4.697,274.172,13.451,15.176
22.460,-83.973,4.727,274.194,13.506,15.335
22.480,-83.709,4.754,274.218,13.554,15.204
22.500,-83.444,4.780,274.243,13.601,15.021
22.520,-83.177,4.805,274.269,13.652,14.839
22.540,-82.910,4.827,274.297,13.701,14.660
22.560,-82.641,4.847,274.325,13.753,14.484
22.580,-82.371,4.865,274.353,13.807,14.310
22.600,-82.100,4.879,274.381,13.862,14.138
22.620,-81.828,4.890,274.408,13.917,13.967
22.640,-81.554,4.898,274.433,13.976,13.797
22.660,-81.278,4.901,274.455,14.029,13.628
22.680,-81.001,4.901,274.475,14.090,13.459
22.700,-80.723,4.896,274.491,14.143,13.291
22.720,-80.444,4.886,274.503,14.202,13.122
22.740,-80.163,4.873,274.510,14.255,12.952
22.760,-79.882,4.854,274.511,14.311,12.781
22.780,-79.600,4.830,274.505,14.360,12.607
22.800,-79.317,4.802,274.491,14.412,12.432
22.820,-79.035,4.768,274.470,14.459,12.254
22.840,-78.753,4.728,274.439,14.507,12.072
22.860,-78.472,4.684,274.399,14.550,11.887
22.880,-78.192,4.634,274.349,14.593,11.698
22.900,-77.915,4.579,274.288,14.632,11.505
22.920,-77.641,4.520,274.215,14.647,11.307
22.940,-77.370,4.456,274.133,14.695,11.105
22.960,-77.102,4.386,274.040,14.750,10.900
22.980,-76.839,4.312,273.937,14.770,10.690
23.000,-76.581,4.234,273.823,14.804,10.476
23.020,-76.328,4.153,273.698,14.830,10.258
23.040,-76.080,4.068,273.563,14.846,10.036
23.060,-75.839,3.981,273.418,14.881,9.810
23.080,-75.606,3.889,273.262,14.891,9.579
23.100,-75.380,3.795,273.095,14.921,9.344
23.120,-75.162,3.698,272.919,14.941,9.104
23.140,-74.951,3.600,272.734,14.968,8.861
23.160,-74.749,3.498,272.541,15.000,8.615
23.180,-74.555,3.395,272.340,15.000,8.366
23.200,-74.370,3.291,272.130,15.000,8.113
23.220,-74.195,3.186,271.913,15.000,7.857
23.240,-74.029,3.081,271.688,15.000,7.598
23.260,-73.874,2.975,271.456,15.000,7.336
23.280,-73.729,2.871,271.217,14.998,7.071
23.300,-73.594,2.767,270.973,15.000,6.802
23.320,-73.470,2.662,270.722,15.000,6.532
23.340,-73.357,2.559,270.466,15.000,6.258
23.360,-73.255,2.456,270.205,15.000,5.983
23.380,-73.164,2.354,269.939,15.000,5.706
23.400,-73.084,2.254,269.670,14.994,5.427
23.420,-73.016,2.155,269.397,15.000,5.146
23.440,-72.960,2.059,269.120,14.975,4.864
23.460,-72.915,1.965,268.841,15.000,4.580
23.480,-72.880,1.873,268.559,14.996,4.297
23.500,-72.856,1.783,268.275,15.000,4.013
23.520,-72.841,1.694,267.990,15.000,3.730
23.540,-72.834,1.607,267.704,15.000,3.448
23.560,-72.835,1.525,267.418,14.971,3.168
23.580,-72.842,1.444,267.129,15.000,2.888
23.600,-72.855,1.368,266.842,14.932,2.613
23.620,-72.873,1.294,266.552,15.000,2.340
23.640,-72.893,1.224,266.264,14.927,2.074
23.660,-72.917,1.156,265.973,15.000,1.814
23.680,-72.942,1.092,265.684,14.929,1.568
23.700,-72.968,1.031,265.391,15.000,1.336
23.720,-72.994,0.974,265.100,14.942,1.136
23.740,-73.018,0.921,264.806,15.000,0.980
23.760,-73.043,0.869,264.514,14.954,0.898
23.780,-73.064,0.821,264.218,15.000,0.904
23.800,-73.083,0.778,263.924,14.944,0.999
23.820,-73.098,0.737,263.627,15.000,1.162
23.840,-73.110,0.702,263.332,14.904,1.367
23.860,-73.120,0.669,263.033,15.000,1.603
23.880,-73.128,0.642,262.739,14.831,1.852
23.900,-73.134,0.618,262.439,15.000,2.117
23.920,-73.139,0.599,262.145,14.803,2.384
23.940,-73.143,0.583,261.845,15.000,2.662
23.960,-73.146,0.574,261.551,14.774,2.939
23.980,-73.148,0.568,261.250,15.000,3.224
24.000,-73.149,0.566,260.957,14.746,3.505
24.020,-73.150,0.566,260.657,15.000,3.794
24.040,-73.150,0.570,260.364,14.745,4.078
24.060,-73.150,0.577,260.065,15.000,4.369
24.080,-73.149,0.584,259.770,14.880,4.656
24.100,-73.149,0.592,259.473,14.986,4.947
24.120,-73.148,0.599,259.176,14.988,5.238
24.140,-73.146,0.604,258.879,15.000,5.531
24.160,-73.145,0.608,258.581,15.000,5.824
24.180,-73.143,0.611,258.284,15.000,6.117
24.200,-73.140,0.613,257.986,15.000,6.410
24.220,-73.133,0.613,257.689,15.000,6.703
24.240,-73.124,0.614,257.391,15.000,6.996
24.260,-73.110,0.613,257.095,15.000,7.289
24.280,-73.090,0.613,256.798,15.000,7.580
24.300,-73.065,0.612,256.502,15.000,7.871
24.320,-73.033,0.611,256.206,15.000,8.161
24.340,-72.993,0.610,255.912,15.000,8.450
24.360,-72.945,0.610,255.619,15.000,8.738
24.380,-72.889,0.610,255.327,14.997,9.023
24.400,-72.825,0.609,255.037,14.994,9.308
24.420,-72.754,0.609,254.749,14.997,9.591
24.440,-72.675,0.611,254.462,14.987,9.873
24.460,-72.592,0.616,254.177,14.976,9.765
24.480,-72.560,0.622,254.076,14.088,9.662
24.500,-72.469,0.720,253.827,14.225,9.410
24.520,-72.376,0.814,253.578,14.173,9.159
24.540,-72.284,0.906,253.328,14.234,8.908
24.560,-72.191,0.989,253.079,14.146,8.657
24.580,-72.097,1.067,252.827,13.951,8.406
24.600,-72.003,1.137,252.576,13.768,8.157
24.620,-71.910,1.199,252.327,13.597,7.910
24.640,-71.818,1.253,252.080,13.437,7.667
24.660,-71.726,1.299,251.834,13.290,7.426
24.680,-71.634,1.336,251.590,13.154,7.189
24.700,-71.544,1.366,251.347,13.031,6.954
24.720,-71.453,1.387,251.105,12.921,6.723
24.740,-71.364,1.401,250.865,12.822,6.495
24.760,-71.274,1.407,250.627,12.737,6.270
24.780,-71.186,1.404,250.390,12.663,6.049
24.800,-71.098,1.395,250.154,12.603,5.832
24.820,-71.010,1.377,249.919,12.555,5.620
24.840,-70.923,1.352,249.687,12.519,5.412
24.860,-70.836,1.319,249.455,12.496,5.208
24.880,-70.750,1.278,249.225,12.485,5.010
24.900,-70.665,1.230,248.996,12.485,4.817
24.920,-70.580,1.174,248.769,12.498,4.630
24.940,-70.495,1.111,248.543,12.522,4.450
24.960,-70.411,1.041,248.318,12.557,4.276
24.980,-70.328,0.963,248.095,12.603,4.111
25.000,-70.245,0.877,247.873,12.660,3.953
25.020,-70.163,0.785,247.652,12.727,3.805
25.040,-70.084,0.690,247.443,10.331,3.673
25.060,-70.013,0.747,247.267,10.132,3.573
25.080,-69.942,0.800,247.087,10.265,3.476
25.100,-69.870,0.849,246.903,10.400,3.386
25.120,-69.798,0.894,246.716,10.519,3.302
25.140,-69.726,0.935,246.525,10.661,3.227
25.160,-69.653,0.971,246.330,10.530,3.161
25.180,-69.580,1.000,246.137,10.413,3.109
25.200,-69.508,1.020,245.944,10.312,3.069
25.220,-69.436,1.033,245.753,10.226,3.044
25.240,-69.365,1.038,245.563,10.155,3.031
25.260,-69.294,1.035,245.374,10.100,3.033
25.280,-69.223,1.024,245.186,10.061,3.047
25.300,-69.153,1.005,244.999,10.036,3.075
25.320,-69.084,0.979,244.814,10.028,3.114
25.340,-69.014,0.945,244.629,10.034,3.166
25.360,-68.946,0.904,244.445,10.055,3.228
25.380,-68.877,0.855,244.263,10.090,3.300
25.400,-68.809,0.798,244.082,10.139,3.381
25.420,-68.742,0.734,243.902,10.202,3.471
25.440,-68.675,0.664,243.724,10.355,3.567
25.460,-68.621,0.613,243.570,9.949,3.653
25.480,-68.557,0.624,243.387,10.147,3.761
25.500,-68.494,0.620,243.199,10.297,3.877
25.520,-68.432,0.617,243.009,10.357,3.999
25.540,-68.371,0.614,242.815,10.468,4.127
25.560,-68.311,0.611,242.617,10.667,4.263
25.580,-68.250,0.609,242.416,10.837,4.406
25.600,-68.189,0.608,242.211,10.965,4.556
25.620,-68.129,0.607,242.002,11.106,4.712
25.640,-68.068,0.606,241.791,11.263,4.876
25.660,-68.007,0.606,241.576,11.402,5.045
25.680,-67.946,0.607,241.358,11.536,5.220
25.700,-67.884,0.607,241.137,11.673,5.402
25.720,-67.823,0.607,240.914,11.800,5.588
25.740,-67.760,0.608,240.688,11.935,5.780
25.760,-67.697,0.608,240.460,12.051,5.977
25.780,-67.634,0.609,240.229,12.182,6.179
25.800,-67.570,0.609,239.996,12.289,6.386
25.820,-67.503,0.610,239.761,12.412,6.598
25.840,-67.434,0.610,239.525,12.512,6.815
25.860,-67.361,0.610,239.287,12.620,7.037
25.880,-67.283,0.610,239.049,12.712,7.264
25.900,-67.201,0.610,238.811,12.803,7.497
25.920,-67.113,0.610,238.573,12.885,7.734
25.940,-67.018,0.610,238.336,12.963,7.975
25.960,-66.917,0.610,238.100,13.032,8.221
25.980,-66.808,0.610,237.866,13.096,8.471
26.000,-66.692,0.610,237.635,13.156,8.724
26.020,-66.568,0.610,237.406,13.210,8.980
26.040,-66.436,0.610,237.180,13.263,9.239
26.060,-66.297,0.610,236.957,13.315,9.499
26.080,-66.152,0.610,236.738,13.372,9.762
26.100,-66.000,0.610,236.520,13.431,10.027
26.120,-65.844,0.610,236.305,13.494,10.293
26.140,-65.684,0.610,236.090,13.561,10.560
26.160,-65.520,0.610,235.877,13.628,10.829
26.180,-65.354,0.610,235.664,13.695,10.822
26.200,-65.186,0.610,235.450,13.761,10.569
26.220,-65.016,0.610,235.237,13.827,10.316
26.240,-64.846,0.610,235.021,13.890,10.063
26.260,-64.676,0.610,234.805,13.951,9.810
26.280,-64.506,0.610,234.586,14.010,9.556
26.300,-64.337,0.610,234.366,14.067,9.301
26.320,-64.168,0.610,234.144,14.123,9.047
26.340,-63.999,0.610,233.920,14.178,8.792
26.360,-63.831,0.610,233.694,14.231,8.538
26.380,-63.662,0.610,233.468,14.283,8.284
26.400,-63.494,0.610,233.240,14.334,8.030
26.420,-63.327,0.610,233.009,14.381,7.777
26.440,-63.162,0.610,232.777,14.426,7.523
26.460,-62.999,0.610,232.542,14.465,7.270
26.480,-62.839,0.610,232.303,14.501,7.017
26.500,-62.683,0.610,232.062,14.532,6.763
26.520,-62.533,0.610,231.816,14.558,6.508
26.540,-62.387,0.610,231.567,14.580,6.253
26.560,-62.248,0.610,231.314,14.599,5.997
26.580,-62.115,0.610,231.057,14.614,5.740
26.600,-61.990,0.610,230.797,14.625,5.482
26.620,-61.873,0.610,230.532,14.634,5.223
26.640,-61.764,0.610,230.263,14.641,4.963
26.660,-61.664,0.611,229.991,14.646,4.702
26.680,-61.574,0.611,229.716,14.649,4.440
26.700,-61.494,0.611,229.437,14.650,4.176
26.720,-61.425,0.611,229.156,14.650,3.911
26.740,-61.367,0.611,228.872,14.648,3.646
26.760,-61.321,0.611,228.586,14.645,3.379
26.780,-61.285,0.611,228.298,14.642,3.112
26.800,-61.261,0.611,228.010,14.639,2.844
26.820,-61.248,0.611,227.721,14.636,2.577
26.840,-61.246,0.611,227.431,14.632,2.310
26.860,-61.255,0.611,227.142,14.628,2.045
26.880,-61.275,0.611,226.853,14.624,1.782
26.900,-61.307,0.611,226.566,14.619,1.523
26.920,-61.349,0.611,226.280,14.615,1.271
26.940,-61.402,0.611,225.996,14.610,1.032
26.960,-61.465,0.611,225.714,14.605,0.817
26.980,-61.539,0.611,225.434,14.597,0.651
27.000,-61.621,0.611,225.157,14.600,0.581
27.020,-61.714,0.612,224.884,14.582,0.637
27.040,-61.814,0.613,224.613,14.598,0.794
27.060,-61.920,0.612,224.344,14.622,1.008
27.080,-62.032,0.613,224.077,14.615,1.249
27.100,-62.149,0.613,223.812,14.649,1.506
27.120,-62.272,0.612,223.549,14.677,1.771
27.140,-62.398,0.612,223.287,14.696,2.043
27.160,-62.527,0.612,223.026,14.719,2.318
27.180,-62.658,0.611,222.765,14.755,2.598
27.200,-62.791,0.610,222.504,14.781,2.880
27.220,-62.924,0.611,222.243,14.803,3.164
27.240,-63.058,0.610,221.981,14.840,3.450
27.260,-63.189,0.609,221.718,14.860,3.739
27.280,-63.316,0.609,221.452,14.879,4.029
27.300,-63.440,0.608,221.184,14.895,4.321
27.320,-63.558,0.608,220.914,14.908,4.615
27.340,-63.672,0.608,220.641,14.918,4.474
27.360,-63.779,0.608,220.366,14.926,4.254
27.380,-63.880,0.608,220.088,14.932,4.039
27.400,-63.974,0.608,219.807,14.936,3.829
27.420,-64.061,0.608,219.524,14.939,3.626
27.440,-64.139,0.608,219.239,14.939,3.429
27.460,-64.209,0.608,218.952,14.937,3.240
27.480,-64.270,0.609,218.663,14.933,3.061
27.500,-64.321,0.609,218.371,14.929,2.892
27.520,-64.363,0.609,218.079,14.923,2.737
27.540,-64.396,0.609,217.785,14.920,2.598
27.560,-64.420,0.609,217.491,14.919,2.478
27.580,-64.436,0.609,217.196,14.922,2.381
27.600,-64.446,0.609,216.901,14.930,2.311
27.620,-64.449,0.609,216.605,14.943,2.272
27.640,-64.447,0.609,216.308,14.961,2.266
27.660,-64.442,0.609,216.012,14.982,2.295
27.680,-64.433,0.609,215.715,15.000,2.357
27.700,-64.422,0.609,215.417,15.000,2.453
27.720,-64.410,0.609,215.120,15.000,2.579
27.740,-64.398,0.609,214.822,15.000,2.732
27.760,-64.388,0.609,214.525,15.000,2.908
27.780,-64.381,0.610,214.227,15.000,3.105
27.800,-64.378,0.610,213.930,15.000,3.320
27.820,-64.378,0.610,213.632,15.000,3.549
27.840,-64.384,0.610,213.335,15.000,3.791
27.860,-64.396,0.610,213.038,15.000,4.043
27.880,-64.414,0.610,212.741,15.000,4.304
27.900,-64.439,0.610,212.445,15.000,4.572
27.920,-64.472,0.610,212.150,15.000,4.846
27.940,-64.513,0.610,211.856,14.999,5.126
27.960,-64.563,0.610,211.563,14.996,5.410
27.980,-64.622,0.611,211.272,14.991,5.698
28.000,-64.690,0.611,210.983,14.985,5.989
28.020,-64.769,0.611,210.697,14.977,6.281
28.040,-64.857,0.611,210.414,14.969,6.576
28.060,-64.956,0.611,210.135,14.958,6.871
28.080,-65.066,0.611,209.860,14.948,7.167
28.100,-65.187,0.611,209.590,14.936,7.462
28.120,-65.317,0.611,209.325,14.923,7.758
28.140,-65.457,0.612,209.065,14.913,8.052
28.160,-65.605,0.611,208.810,14.905,8.345
28.180,-65.761,0.611,208.560,14.900,8.638
28.200,-65.924,0.611,208.314,14.898,8.929
28.220,-66.094,0.611,208.072,14.901,9.220
28.240,-66.269,0.611,207.835,14.908,9.509
28.260,-66.449,0.611,207.601,14.921,9.798
28.280,-66.633,0.611,207.369,14.937,10.087
28.300,-66.821,0.610,207.140,14.957,10.376
28.320,-67.011,0.610,206.912,14.979,10.665
28.340,-67.203,0.610,206.685,15.000,10.954
28.360,-67.395,0.610,206.458,15.000,11.244
28.380,-67.589,0.610,206.232,15.000,11.535
28.400,-67.781,0.610,206.005,15.000,11.465
28.420,-67.973,0.610,205.777,15.000,11.182
28.440,-68.163,0.610,205.548,15.000,10.898
28.460,-68.351,0.611,205.317,15.000,10.615
28.480,-68.538,0.612,205.086,15.000,10.332
28.500,-68.725,0.612,204.853,15.000,10.049
28.520,-68.910,0.612,204.621,15.000,9.767
28.540,-69.095,0.611,204.388,15.000,9.486
28.560,-69.279,0.612,204.154,15.000,9.205
28.580,-69.462,0.612,203.919,15.000,8.925
28.600,-69.644,0.612,203.684,15.000,8.646
28.620,-69.823,0.611,203.446,15.000,8.367
28.640,-70.000,0.611,203.207,15.000,8.088
28.660,-70.173,0.610,202.965,15.000,7.809
28.680,-70.342,0.610,202.720,15.000,7.529
28.700,-70.505,0.610,202.472,15.000,7.249
28.720,-70.663,0.609,202.219,15.000,6.968
28.740,-70.814,0.610,201.963,15.000,6.685
28.760,-70.958,0.610,201.704,15.000,6.402
28.780,-71.094,0.610,201.440,14.999,6.118
28.800,-71.223,0.610,201.172,14.996,5.832
28.820,-71.343,0.610,200.901,14.991,5.545
28.840,-71.455,0.610,200.626,14.985,5.256
28.860,-71.556,0.611,200.347,14.977,4.966
28.880,-71.647,0.611,200.065,14.968,4.675
28.900,-71.729,0.611,199.780,14.956,4.383
28.920,-71.801,0.611,199.493,14.949,4.090
28.940,-71.864,0.611,199.204,14.945,3.797
28.960,-71.920,0.611,198.914,14.944,3.503
28.980,-71.968,0.611,198.621,14.948,3.208
29.000,-72.009,0.611,198.328,14.957,2.912
29.020,-72.046,0.611,198.034,14.971,2.617
29.040,-72.078,0.611,197.739,14.989,2.320
29.060,-72.107,0.611,197.443,15.000,2.023
29.080,-72.133,0.610,197.146,15.000,1.726
29.100,-72.158,0.610,196.850,15.000,1.429
29.120,-72.183,0.610,196.553,15.000,1.132
29.140,-72.207,0.610,196.257,15.000,0.835
29.160,-72.233,0.610,195.960,15.000,0.540
29.180,-72.260,0.610,195.664,15.000,0.252
29.200,-72.289,0.610,195.367,15.000,0.112
29.220,-72.319,0.610,195.071,15.000,0.373
29.240,-72.351,0.610,194.775,15.000,0.666
29.260,-72.383,0.610,194.479,15.000,0.961
29.280,-72.417,0.610,194.184,15.000,1.258
29.300,-72.451,0.610,193.888,15.000,1.555
29.320,-72.486,0.610,193.592,15.000,1.853
29.340,-72.522,0.610,193.297,15.000,2.150
29.360,-72.559,0.610,193.001,15.000,2.448
29.380,-72.596,0.610,192.706,15.000,2.745
29.400,-72.635,0.610,192.411,15.000,3.043
29.420,-72.675,0.610,192.116,15.000,3.341
29.440,-72.718,0.610,191.821,15.000,3.638
29.460,-72.766,0.610,191.528,15.000,3.936
29.480,-72.817,0.610,191.235,15.000,4.233
29.500,-72.874,0.610,190.943,15.000,4.530
29.520,-72.937,0.610,190.652,15.000,4.827
29.540,-73.006,0.610,190.363,15.000,5.123
29.560,-73.083,0.610,190.076,15.000,5.419
29.580,-73.168,0.610,189.791,15.000,5.714
29.600,-73.261,0.610,189.509,14.998,6.008
29.620,-73.362,0.610,189.230,14.994,6.301
29.640,-73.472,0.610,188.954,14.989,6.593
29.660,-73.591,0.611,188.683,14.981,6.883
29.680,-73.720,0.611,188.416,14.973,7.171
29.700,-73.858,0.611,188.153,14.961,7.457
29.720,-74.004,0.611,187.896,14.955,7.741
29.740,-74.157,0.611,187.643,14.951,8.023
29.760,-74.318,0.611,187.394,14.948,8.304
29.780,-74.488,0.611,187.152,14.940,8.583
29.800,-74.666,0.611,186.916,14.932,8.858
29.820,-74.852,0.611,186.686,14.922,9.131
29.840,-75.046,0.611,186.464,14.911,9.401
29.860,-75.249,0.611,186.250,14.897,9.668
29.880,-75.460,0.611,186.044,14.884,9.931
29.900,-75.677,0.611,185.846,14.872,10.191
29.920,-75.901,0.611,185.654,14.864,10.448
29.940,-76.131,0.611,185.471,14.858,10.702
29.960,-76.365,0.611,185.293,14.855,10.955
29.980,-76.605,0.611,185.122,14.858,11.195
30.000,-76.848,0.611,184.957,14.867,10.931
30.020,-77.095,0.611,184.796,14.879,10.670
30.040,-77.344,0.610,184.639,14.896,10.414
30.060,-77.597,0.610,184.485,14.915,10.161
30.080,-77.851,0.610,184.333,14.936,9.912
30.100,-78.106,0.610,184.183,14.959,9.667
30.120,-78.361,0.610,184.030,14.981,9.422
30.140,-78.614,0.610,183.875,14.996,9.179
30.160,-78.864,0.610,183.715,15.000,8.935
30.180,-79.113,0.610,183.551,15.000,8.692
30.200,-79.358,0.610,183.383,15.000,8.450
30.220,-79.599,0.610,183.210,15.000,8.207
30.240,-79.837,0.610,183.031,15.000,7.964
30.260,-80.070,0.610,182.847,15.000,7.721
30.280,-80.298,0.610,182.656,15.000,7.477
30.300,-80.520,0.610,182.460,14.998,7.232
30.320,-80.737,0.610,182.257,14.995,6.986
30.340,-80.948,0.611,182.047,14.990,6.739
30.360,-81.151,0.611,181.831,14.984,6.491
30.380,-81.347,0.611,181.609,14.978,6.242
30.400,-81.535,0.611,181.379,14.969,5.991
30.420,-81.713,0.611,181.143,14.961,5.739
30.440,-81.883,0.611,180.900,14.951,5.484
30.460,-82.042,0.612,180.651,14.940,5.229
30.480,-82.192,0.612,180.396,14.928,4.971
30.500,-82.331,0.612,180.136,14.917,4.713
30.520,-82.459,0.612,179.870,14.906,4.453
30.540,-82.577,0.612,179.600,14.894,4.192
30.560,-82.684,0.612,179.325,14.883,3.931
30.580,-82.781,0.611,179.047,14.872,3.669
30.600,-82.866,0.611,178.766,14.860,3.407
30.620,-82.941,0.611,178.481,14.849,3.145
30.640,-83.004,0.611,178.195,14.837,2.885
30.660,-83.057,0.611,177.906,14.826,2.625
30.680,-83.098,0.611,177.616,14.815,2.368
30.700,-83.128,0.611,177.324,14.803,2.115
30.720,-83.147,0.611,177.032,14.792,1.866
30.740,-83.156,0.611,176.739,14.781,1.626
30.760,-83.153,0.611,176.447,14.771,1.398
30.780,-83.139,0.611,176.155,14.760,1.191
30.800,-83.114,0.611,175.864,14.749,1.016
30.820,-83.079,0.611,175.575,14.739,0.893
30.840,-83.033,0.611,175.287,14.729,0.846
30.860,-82.976,0.611,175.001,14.719,0.886
30.880,-82.909,0.611,174.718,14.709,1.002
30.900,-82.832,0.611,174.437,14.701,1.174
30.920,-82.747,0.611,174.159,14.697,1.379
30.940,-82.653,0.611,173.884,14.696,1.607
30.960,-82.551,0.612,173.612,14.685,1.847
30.980,-82.442,0.612,173.342,14.704,2.097
31.000,-82.329,0.613,173.074,14.717,2.355
31.020,-82.211,0.613,172.807,14.734,2.618
31.040,-82.088,0.613,172.542,14.767,2.885
31.060,-81.962,0.612,172.277,14.781,3.156
31.080,-81.834,0.611,172.014,14.809,3.431
31.100,-81.704,0.610,171.750,14.833,3.708
31.120,-81.574,0.611,171.486,14.854,3.988
31.140,-81.443,0.612,171.222,14.888,4.270
31.160,-81.312,0.612,170.957,14.911,4.554
31.180,-81.182,0.612,170.692,14.933,4.841
31.200,-81.055,0.613,170.425,14.956,5.129
31.220,-80.928,0.612,170.156,14.984,5.419
31.240,-80.803,0.611,169.887,15.000,5.711
31.260,-80.680,0.610,169.616,15.000,6.004
31.280,-80.558,0.610,169.344,15.000,6.298
31.300,-80.437,0.609,169.072,15.000,6.592
31.320,-80.318,0.609,168.799,15.000,6.887
31.340,-80.200,0.609,168.526,15.000,7.182
31.360,-80.082,0.609,168.253,15.000,7.478
31.380,-79.966,0.609,167.979,15.000,7.773
31.400,-79.850,0.609,167.704,15.000,8.070
31.420,-79.735,0.609,167.430,15.000,8.366
31.440,-79.621,0.610,167.155,15.000,8.662
31.460,-79.508,0.610,166.880,15.000,8.959
31.480,-79.394,0.610,166.604,15.000,9.255
31.500,-79.282,0.610,166.329,15.000,9.552
31.520,-79.170,0.610,166.053,15.000,9.849
31.540,-79.058,0.610,165.777,15.000,10.146
31.560,-78.946,0.610,165.501,15.000,10.443
31.580,-78.834,0.610,165.225,15.000,10.740
31.600,-78.719,0.610,164.951,15.000,11.037
31.620,-78.601,0.610,164.678,15.000,11.333
31.640,-78.479,0.610,164.406,15.000,11.629
31.660,-78.353,0.610,164.136,15.000,11.925
31.680,-78.222,0.610,163.870,15.000,12.220
31.700,-78.084,0.610,163.606,15.000,12.514
31.720,-77.941,0.610,163.346,15.000,12.807
31.740,-77.790,0.610,163.090,15.000,13.099
31.760,-77.632,0.610,162.838,14.999,13.389
31.780,-77.466,0.611,162.592,14.978,13.677
31.800,-77.293,0.612,162.351,14.982,13.963
31.820,-77.111,0.613,162.117,14.972,14.247
31.840,-76.922,0.613,161.889,14.967,14.528
31.860,-76.724,0.614,161.668,14.957,14.806
31.880,-76.519,0.614,161.455,14.947,15.080
31.900,-76.306,0.614,161.250,14.935,15.259
31.920,-76.086,0.614,161.052,14.926,14.981
31.940,-75.860,0.614,160.861,14.918,14.700
31.960,-75.629,0.614,160.678,14.914,14.418
31.980,-75.394,0.612,160.500,14.929,14.133
32.000,-75.153,0.611,160.328,14.921,13.848
32.020,-74.910,0.611,160.160,14.936,13.560
32.040,-74.662,0.610,159.998,14.946,13.272
32.060,-74.412,0.610,159.838,14.964,12.983
32.080,-74.161,0.609,159.682,14.983,12.693
32.100,-73.907,0.609,159.526,15.000,12.402
32.120,-73.652,0.609,159.373,15.000,12.111
32.140,-73.395,0.609,159.224,15.000,11.819
32.160,-73.135,0.609,159.078,15.000,11.526
32.180,-72.873,0.609,158.938,15.000,11.233
32.200,-72.607,0.610,158.804,15.000,10.939
32.220,-72.339,0.610,158.677,15.000,10.645
32.240,-72.067,0.610,158.557,14.998,10.349
32.260,-71.792,0.610,158.446,14.993,10.053
32.280,-71.513,0.610,158.343,14.985,9.757
32.300,-71.232,0.610,158.249,14.977,9.460
32.320,-70.948,0.610,158.163,14.971,9.164
32.340,-70.662,0.610,158.086,14.965,8.868
32.360,-70.374,0.610,158.016,14.965,8.572
32.380,-70.085,0.610,157.952,14.971,8.277
32.400,-69.794,0.610,157.894,14.982,7.982
32.420,-69.501,0.610,157.840,14.997,7.688
32.440,-69.208,0.610,157.790,15.000,7.394
32.460,-68.915,0.610,157.742,15.000,7.100
32.480,-68.621,0.610,157.697,15.000,6.808
32.500,-68.326,0.610,157.652,15.000,6.516
32.520,-68.032,0.610,157.607,15.000,6.224
32.540,-67.738,0.610,157.562,15.000,5.933
32.560,-67.444,0.610,157.515,15.000,5.643
32.580,-67.150,0.610,157.467,15.000,5.353
32.600,-66.857,0.610,157.416,15.000,5.063
32.620,-66.564,0.610,157.365,15.000,4.774
32.640,-66.271,0.610,157.311,15.000,4.485
32.660,-65.979,0.610,157.256,15.000,4.197
32.680,-65.686,0.610,157.201,15.000,3.911
32.700,-65.394,0.610,157.144,15.000,3.626
32.720,-65.102,0.610,157.086,15.000,3.343
32.740,-64.810,0.610,157.027,15.000,3.062
32.760,-64.518,0.610,156.968,15.000,2.784
32.780,-64.227,0.610,156.908,15.000,2.511
32.800,-63.935,0.610,156.847,15.000,2.244
32.820,-63.644,0.610,156.786,15.000,1.985
32.840,-63.352,0.610,156.727,15.000,1.740
32.860,-63.060,0.610,156.670,15.000,1.516
32.880,-62.767,0.610,156.616,15.000,1.324
32.900,-62.474,0.610,156.567,15.000,1.180
32.920,-62.180,0.610,156.522,15.000,1.105
32.940,-61.885,0.610,156.484,15.000,1.113
32.960,-61.589,0.610,156.452,15.000,1.204
32.980,-61.293,0.610,156.428,15.000,1.361
33.000,-60.996,0.610,156.412,15.000,1.566
33.020,-60.700,0.610,156.405,14.997,1.801
33.040,-60.403,0.610,156.408,14.990,2.057
33.060,-60.106,0.610,156.420,14.983,2.326
33.080,-59.810,0.610,156.443,14.975,2.605
33.100,-59.516,0.611,156.475,14.965,2.890
33.120,-59.223,0.611,156.519,14.954,3.179
33.140,-58.932,0.611,156.574,14.941,3.471
33.160,-58.644,0.611,156.638,14.931,3.765
33.180,-58.358,0.611,156.712,14.923,4.060
33.200,-58.074,0.611,156.794,14.919,4.355
33.220,-57.792,0.611,156.883,14.919,4.650
33.240,-57.513,0.611,156.980,14.923,4.946
33.260,-57.236,0.611,157.082,14.934,5.241
33.280,-56.960,0.611,157.190,14.948,5.537
33.300,-56.685,0.611,157.301,14.965,5.833
33.320,-56.411,0.611,157.416,14.986,6.129
33.340,-56.139,0.610,157.535,15.000,6.425
33.360,-55.868,0.610,157.658,15.000,6.721
33.380,-55.601,0.610,157.787,15.000,7.017
33.400,-55.336,0.610,157.923,15.000,7.312
33.420,-55.076,0.610,158.066,14.999,7.606
33.440,-54.819,0.610,158.216,14.995,7.898
33.460,-54.569,0.611,158.374,14.971,8.189
33.480,-54.323,0.612,158.541,14.971,8.478
33.500,-54.084,0.613,158.715,14.958,8.766
33.520,-53.850,0.612,158.898,14.967,9.051
33.540,-53.625,0.611,159.089,14.944,9.333
33.560,-53.406,0.611,159.288,14.931,9.613
33.580,-53.196,0.611,159.495,14.912,9.890
33.600,-52.993,0.611,159.709,14.888,10.163
33.620,-52.799,0.612,159.930,14.880,10.433
33.640,-52.612,0.612,160.158,14.867,10.700
33.660,-52.433,0.613,160.391,14.859,10.965
33.680,-52.261,0.613,160.630,14.853,11.227
33.700,-52.097,0.612,160.874,14.860,11.487
33.720,-51.938,0.611,161.121,14.856,11.746
33.740,-51.784,0.610,161.373,14.867,12.003
33.760,-51.634,0.610,161.627,14.879,12.260
33.780,-51.488,0.610,161.883,14.896,12.516
33.800,-51.345,0.611,162.141,14.909,12.773
33.820,-51.203,0.612,162.400,14.931,13.031
33.840,-51.062,0.614,162.661,14.957,13.291
33.860,-50.922,0.614,162.923,14.985,13.552
33.880,-50.779,0.614,163.183,14.998,13.815
33.900,-50.634,0.612,163.443,15.000,14.082
33.920,-50.485,0.611,163.700,15.000,14.352
33.940,-50.331,0.610,163.954,15.000,14.625
33.960,-50.172,0.610,164.206,15.000,14.901
33.980,-50.007,0.609,164.453,15.000,15.180
34.000,-49.837,0.609,164.697,15.000,15.462
34.020,-49.661,0.609,164.936,15.000,15.747
34.040,-49.479,0.609,165.171,14.999,16.034
34.060,-49.290,0.610,165.400,14.997,16.323
34.080,-49.094,0.610,165.623,14.993,16.615
34.100,-48.892,0.610,165.840,14.988,16.696
34.120,-48.682,0.611,166.050,14.981,16.493
34.140,-48.466,0.611,166.253,14.974,16.286
34.160,-48.242,0.611,166.448,14.966,16.074
34.180,-48.012,0.611,166.634,14.957,15.858
34.200,-47.775,0.611,166.810,14.948,15.636
34.220,-47.531,0.612,166.978,14.937,15.409
34.240,-47.281,0.612,167.135,14.925,15.178
34.260,-47.025,0.612,167.282,14.914,14.941
34.280,-46.763,0.612,167.419,14.903,14.700
34.300,-46.497,0.612,167.545,14.891,14.454
34.320,-46.226,0.612,167.661,14.880,14.204
34.340,-45.951,0.611,167.766,14.869,13.950
34.360,-45.672,0.611,167.860,14.857,13.692
34.380,-45.391,0.611,167.943,14.846,13.430
34.400,-45.106,0.611,168.016,14.834,13.165
34.420,-44.819,0.611,168.077,14.823,12.897
34.440,-44.530,0.611,168.127,14.812,12.625
34.460,-44.240,0.611,168.167,14.801,12.350
34.480,-43.948,0.611,168.195,14.790,12.073
34.500,-43.656,0.611,168.213,14.779,11.793
34.520,-43.364,0.611,168.219,14.768,11.511
34.540,-43.072,0.611,168.215,14.758,11.227
34.560,-42.781,0.611,168.201,14.750,10.941
34.580,-42.490,0.611,168.177,14.743,10.654
34.600,-42.200,0.612,168.145,14.726,10.366
34.620,-41.913,0.616,168.100,14.644,10.078
34.640,-41.812,0.621,168.082,13.705,9.975
34.660,-41.564,0.722,168.022,13.782,9.721
34.680,-41.320,0.821,167.958,13.671,9.468
34.700,-41.072,0.920,167.890,13.892,9.211
34.720,-40.825,1.015,167.818,13.675,8.953
34.740,-40.578,1.101,167.746,13.468,8.697
34.760,-40.333,1.179,167.675,13.273,8.442
34.780,-40.090,1.248,167.604,13.090,8.189
34.800,-39.848,1.309,167.534,12.919,7.937
34.820,-39.608,1.363,167.464,12.760,7.686
34.840,-39.369,1.408,167.394,12.614,7.437
34.860,-39.131,1.445,167.325,12.481,7.190
34.880,-38.895,1.473,167.257,12.360,6.944
34.900,-38.660,1.494,167.188,12.253,6.700
34.920,-38.427,1.507,167.121,12.158,6.457
34.940,-38.195,1.513,167.053,12.077,6.215
34.960,-37.964,1.510,166.986,12.009,5.975
34.980,-37.735,1.499,166.920,11.954,5.736
35.000,-37.507,1.481,166.853,11.913,5.499
35.020,-37.281,1.455,166.788,11.884,5.263
35.040,-37.056,1.422,166.722,11.868,5.029
35.060,-36.832,1.380,166.657,11.865,4.796
35.080,-36.610,1.332,166.592,11.874,4.565
35.100,-36.389,1.276,166.528,11.896,4.335
35.120,-36.169,1.212,166.464,11.929,4.106
35.140,-35.951,1.141,166.401,11.975,3.878
35.160,-35.734,1.062,166.338,12.031,3.652
35.180,-35.518,0.976,166.275,12.098,3.428
35.200,-35.303,0.883,166.213,12.176,3.204
35.220,-35.090,0.783,166.151,12.264,2.983
35.240,-35.028,0.752,166.134,9.497,2.918
35.260,-34.855,0.799,166.078,9.595,2.737
35.280,-34.679,0.842,166.023,9.716,2.553
35.300,-34.500,0.884,165.969,9.857,2.366
35.320,-34.316,0.921,165.914,10.003,2.174
35.340,-34.129,0.953,165.858,9.879,1.979
35.360,-33.943,0.977,165.802,9.771,1.785
35.380,-33.758,0.994,165.747,9.679,1.593
35.400,-33.574,1.003,165.692,9.603,1.401
35.420,-33.391,1.003,165.638,9.544,1.211
35.440,-33.210,0.998,165.585,9.690,1.024
35.460,-33.026,0.988,165.531,9.889,0.833
35.480,-32.837,0.974,165.476,9.857,0.639
35.500,-32.649,0.953,165.422,9.841,0.448
35.520,-32.463,0.924,165.368,9.840,0.264
35.540,-32.278,0.887,165.315,9.854,0.119
35.560,-32.094,0.843,165.261,9.883,0.181
35.580,-31.911,0.791,165.208,9.926,0.352
35.600,-31.729,0.732,165.156,9.983,0.536
35.620,-31.681,0.715,165.143,7.601,0.584
35.640,-31.545,0.769,165.105,7.793,0.722
35.660,-31.405,0.821,165.069,7.924,0.865
35.680,-31.263,0.869,165.034,8.001,1.010
35.700,-31.116,0.915,165.001,8.165,1.159
35.720,-30.963,0.957,164.969,8.015,1.314
35.740,-30.812,0.991,164.938,7.883,1.467
35.760,-30.661,1.017,164.906,7.771,1.620
35.780,-30.511,1.035,164.875,7.679,1.772
35.800,-30.363,1.044,164.844,7.608,1.923
35.820,-30.215,1.047,164.813,7.557,2.074
35.840,-30.068,1.041,164.782,7.527,2.224
35.860,-29.922,1.027,164.752,7.517,2.373
35.880,-29.776,1.006,164.721,7.527,2.521
35.900,-29.632,0.977,164.691,7.557,2.668
35.920,-29.488,0.941,164.661,7.606,2.814
35.940,-29.346,0.896,164.631,7.674,2.960
35.960,-29.204,0.845,164.601,7.760,3.104
35.980,-29.063,0.786,164.572,7.862,3.248
36.000,-28.923,0.719,164.543,8.140,3.391
36.020,-28.781,0.658,164.517,8.167,3.535
36.040,-28.669,0.636,164.495,7.462,3.649
36.060,-28.551,0.720,164.476,7.498,3.768
36.080,-28.425,0.785,164.457,7.363,3.894
36.100,-28.295,0.846,164.438,7.155,4.026
36.120,-28.166,0.899,164.417,6.965,4.156
36.140,-28.038,0.943,164.396,6.797,4.285
36.160,-27.911,0.980,164.376,6.649,4.413
36.180,-27.784,1.008,164.355,6.525,4.541
36.200,-27.658,1.029,164.335,6.423,4.668
36.220,-27.533,1.041,164.314,6.346,4.795
36.240,-27.409,1.046,164.294,6.294,4.920
36.260,-27.286,1.043,164.274,6.266,5.045
36.280,-27.163,1.032,164.254,6.262,5.092
36.300,-27.041,1.013,164.235,6.283,4.978
36.320,-26.919,0.987,164.215,6.327,4.865
36.340,-26.799,0.953,164.196,6.394,4.753
36.360,-26.685,0.918,164.179,6.356,4.647
36.380,-26.566,0.894,164.164,6.548,4.537
36.400,-26.445,0.888,164.144,6.676,4.426
36.420,-26.316,0.864,164.127,6.887,4.307
36.440,-26.182,0.834,164.110,7.166,4.185
36.460,-26.045,0.800,164.093,7.443,4.060
36.480,-25.902,0.761,164.075,7.499,3.931
36.500,-25.760,0.716,164.057,7.780,3.804
36.520,-25.615,0.669,164.039,7.974,3.676
36.540,-25.511,0.637,164.027,7.019,3.584
36.560,-25.376,0.682,164.012,7.409,3.466
36.580,-25.236,0.716,163.995,7.484,3.345
36.600,-25.091,0.746,163.979,7.637,3.222
36.620,-24.945,0.774,163.962,7.798,3.099
36.640,-24.794,0.802,163.944,8.001,2.974
36.660,-24.638,0.831,163.927,8.228,2.849
36.680,-24.480,0.859,163.909,8.306,2.725
36.700,-24.320,0.878,163.891,8.429,2.603
36.720,-24.155,0.894,163.873,8.341,2.481
36.740,-23.990,0.902,163.854,8.273,2.366
36.760,-23.827,0.902,163.836,8.223,2.258
36.780,-23.665,0.895,163.818,8.448,2.157
36.800,-23.507,0.891,163.800,8.317,2.067
36.820,-23.342,0.894,163.782,8.642,1.982
36.840,-23.175,0.903,163.762,8.816,1.908
36.860,-23.001,0.898,163.744,8.970,1.842
36.880,-22.824,0.890,163.724,8.934,1.791
36.900,-22.648,0.874,163.705,8.916,1.756
36.920,-22.473,0.850,163.685,8.915,1.739
36.940,-22.299,0.818,163.666,8.931,1.740
36.960,-22.126,0.779,163.647,8.963,1.758
36.980,-21.954,0.733,163.628,9.011,1.792
37.000,-21.783,0.678,163.609,9.075,1.842
37.020,-21.615,0.618,163.591,9.253,1.905
37.040,-21.446,0.570,163.572,9.127,1.981
37.060,-21.269,0.557,163.552,9.402,2.073
37.080,-21.091,0.562,163.533,9.249,2.175
37.100,-20.909,0.566,163.513,9.480,2.290
37.120,-20.723,0.572,163.494,9.661,2.415
37.140,-20.532,0.580,163.473,9.879,2.552
37.160,-20.337,0.588,163.453,10.103,2.699
37.180,-20.139,0.595,163.432,10.189,2.854
37.200,-19.936,0.601,163.410,10.441,3.018
37.220,-19.731,0.606,163.388,10.538,3.188
37.240,-19.522,0.610,163.366,10.745,3.366
37.260,-19.310,0.612,163.344,10.873,3.550
37.280,-19.095,0.613,163.321,11.043,3.740
37.300,-18.877,0.614,163.298,11.182,3.935
37.320,-18.656,0.614,163.274,11.332,4.136
37.340,-18.432,0.614,163.249,11.468,4.342
37.360,-18.206,0.613,163.222,11.606,4.552
37.380,-17.978,0.612,163.192,11.734,4.768
37.400,-17.748,0.612,163.158,11.859,4.988
37.420,-17.516,0.611,163.120,11.973,5.213
37.440,-17.283,0.611,163.077,12.083,5.442
37.460,-17.048,0.610,163.027,12.184,5.675
37.480,-16.814,0.610,162.971,12.279,5.911
37.500,-16.579,0.610,162.908,12.367,6.151
37.520,-16.345,0.610,162.838,12.451,6.394
37.540,-16.111,0.610,162.760,12.528,6.640
37.560,-15.879,0.610,162.673,12.600,6.887
37.580,-15.648,0.610,162.579,12.669,7.136
37.600,-15.420,0.610,162.476,12.738,7.387
37.620,-15.193,0.610,162.366,12.809,7.639
37.640,-14.967,0.610,162.250,12.882,7.892
37.660,-14.743,0.610,162.129,12.959,8.146
37.680,-14.519,0.611,162.002,13.039,8.402
37.700,-14.296,0.611,161.872,13.121,8.659
37.720,-14.072,0.610,161.739,13.203,8.917
37.740,-13.848,0.611,161.604,13.279,9.177
37.760,-13.622,0.612,161.467,13.367,9.439
37.780,-13.396,0.613,161.329,13.441,9.702
37.800,-13.168,0.612,161.191,13.522,9.968
37.820,-12.939,0.611,161.052,13.587,10.234
37.840,-12.707,0.611,160.915,13.660,10.502
37.860,-12.473,0.611,160.778,13.720,10.772
37.880,-12.237,0.612,160.642,13.796,11.043
37.900,-12.000,0.612,160.506,13.858,11.047
37.920,-11.760,0.611,160.371,13.924,10.772
37.940,-11.520,0.611,160.235,13.983,10.496
37.960,-11.277,0.610,160.100,14.046,10.219
37.980,-11.034,0.611,159.965,14.098,9.941
38.000,-10.789,0.611,159.830,14.164,9.661
38.020,-10.542,0.611,159.694,14.221,9.380
38.040,-10.295,0.610,159.559,14.267,9.098
38.060,-10.046,0.610,159.424,14.322,8.815
38.080,-9.796,0.610,159.289,14.371,8.530
38.100,-9.544,0.609,159.154,14.421,8.245
38.120,-9.292,0.609,159.019,14.468,7.959
38.140,-9.039,0.609,158.883,14.514,7.672
38.160,-8.785,0.609,158.747,14.558,7.384
38.180,-8.530,0.609,158.612,14.601,7.095
38.200,-8.274,0.610,158.476,14.642,6.805
38.220,-8.017,0.610,158.340,14.682,6.515
38.240,-7.760,0.610,158.203,14.721,6.223
38.260,-7.501,0.610,158.067,14.758,5.931
38.280,-7.242,0.610,157.930,14.795,5.639
38.300,-6.982,0.610,157.794,14.829,5.345
38.320,-6.721,0.610,157.659,14.862,5.051
38.340,-6.458,0.610,157.525,14.893,4.756
38.360,-6.193,0.610,157.394,14.919,4.460
38.380,-5.926,0.610,157.266,14.942,4.165
38.400,-5.657,0.610,157.143,14.961,3.868
38.420,-5.385,0.610,157.025,14.976,3.572
38.440,-5.110,0.610,156.913,14.985,3.277
38.460,-4.833,0.610,156.807,14.989,2.982
38.480,-4.552,0.610,156.710,14.990,2.689
38.500,-4.269,0.610,156.620,14.989,2.399
38.520,-3.984,0.610,156.539,14.986,2.114
38.540,-3.696,0.610,156.467,14.981,1.835
38.560,-3.406,0.610,156.404,14.975,1.568
38.580,-3.114,0.611,156.352,14.966,1.319
38.600,-2.821,0.611,156.311,14.957,1.103
38.620,-2.527,0.611,156.281,14.947,0.941
38.640,-2.231,0.611,156.262,14.934,0.867
38.660,-1.936,0.611,156.255,14.920,0.900
38.680,-1.641,0.611,156.258,14.910,1.030
38.700,-1.346,0.611,156.270,14.902,1.226
38.720,-1.052,0.611,156.291,14.898,1.460
38.740,-0.759,0.611,156.321,14.896,1.717
38.760,-0.466,0.611,156.358,14.900,1.988
38.780,-0.174,0.611,156.402,14.908,2.267
38.800,0.117,0.611,156.451,14.922,2.551
38.820,0.408,0.611,156.505,14.939,2.839
38.840,0.699,0.610,156.563,14.959,3.130
38.860,0.989,0.610,156.624,14.981,3.423
38.880,1.280,0.610,156.686,15.000,3.716
38.900,1.571,0.610,156.749,15.000,4.011
38.920,1.862,0.610,156.813,15.000,4.307
38.940,2.152,0.610,156.878,15.000,4.602
38.960,2.442,0.610,156.945,15.000,4.899
38.980,2.731,0.610,157.016,15.000,5.195
39.000,3.019,0.610,157.091,15.000,5.492
39.020,3.305,0.610,157.172,15.000,5.790
39.040,3.589,0.610,157.259,15.000,6.087
39.060,3.871,0.610,157.352,15.000,6.384
39.080,4.151,0.610,157.454,14.999,6.681
39.100,4.427,0.610,157.563,14.996,6.977
39.120,4.699,0.610,157.681,14.990,7.273
39.140,4.968,0.610,157.808,14.981,7.568
39.160,5.231,0.610,157.944,14.971,7.861
39.180,5.489,0.610,158.089,14.958,8.152
39.200,5.742,0.610,158.243,14.945,8.442
39.220,5.988,0.610,158.407,14.929,8.729
39.240,6.228,0.611,158.579,14.916,9.014
39.260,6.462,0.611,158.758,14.906,9.297
39.280,6.691,0.611,158.945,14.900,9.578
39.300,6.914,0.611,159.138,14.897,9.857
39.320,7.132,0.611,159.337,14.900,10.135
39.340,7.346,0.611,159.540,14.907,10.412
39.360,7.556,0.611,159.748,14.919,10.688
39.380,7.763,0.611,159.959,14.935,10.963
39.400,7.968,0.611,160.173,14.954,11.239
39.420,8.171,0.610,160.389,14.975,11.515
39.440,8.373,0.610,160.607,14.996,11.792
39.460,8.575,0.610,160.826,15.000,12.070
39.480,8.776,0.610,161.045,15.000,12.349
39.500,8.978,0.610,161.264,15.000,12.629
39.520,9.181,0.610,161.481,15.000,12.910
39.540,9.385,0.610,161.698,15.000,13.193
39.560,9.591,0.610,161.913,15.000,13.477
39.580,9.798,0.610,162.126,15.000,13.761
39.600,10.006,0.610,162.339,15.000,14.047
39.620,10.215,0.610,162.551,15.000,14.334
39.640,10.425,0.610,162.762,15.000,14.622
39.660,10.636,0.610,162.972,15.000,14.336
39.680,10.848,0.610,163.181,15.000,14.049
39.700,11.060,0.610,163.390,15.000,13.763
39.720,11.273,0.610,163.598,15.000,13.478
39.740,11.487,0.610,163.805,15.000,13.193
39.760,11.701,0.610,164.012,15.000,12.909
39.780,11.915,0.610,164.219,15.000,12.626
39.800,12.130,0.610,164.425,15.000,12.344
39.820,12.345,0.610,164.630,15.000,12.063
39.840,12.561,0.610,164.836,15.000,11.783
39.860,12.777,0.610,165.040,15.000,11.504
39.880,12.993,0.610,165.245,15.000,11.226
39.900,13.209,0.610,165.450,15.000,10.948
39.920,13.424,0.610,165.656,15.000,10.672
39.940,13.637,0.610,165.864,15.000,10.396
39.960,13.848,0.610,166.074,15.000,10.119
39.980,14.056,0.610,166.287,15.000,9.843
40.000,14.260,0.610,166.503,15.000,9.565
40.020,14.460,0.610,166.723,15.000,9.287
40.040,14.654,0.610,166.948,15.000,9.008
40.060,14.843,0.610,167.178,15.000,8.728
40.080,15.025,0.610,167.412,15.000,8.446
40.100,15.201,0.610,167.652,14.998,8.162
40.120,15.369,0.610,167.897,14.994,7.877
40.140,15.529,0.610,168.147,14.988,7.590
40.160,15.680,0.610,168.402,14.980,7.302
40.180,15.822,0.611,168.662,14.970,7.012
40.200,15.954,0.611,168.927,14.960,6.720
40.220,16.076,0.611,169.197,14.948,6.428
40.240,16.187,0.611,169.471,14.934,6.134
40.260,16.287,0.611,169.749,14.922,5.839
40.280,16.377,0.611,170.030,14.908,5.545
40.300,16.457,0.611,170.314,14.899,5.250
40.320,16.529,0.611,170.600,14.891,4.955
40.340,16.591,0.611,170.888,14.887,4.661
40.360,16.646,0.611,171.178,14.887,4.367
40.380,16.693,0.611,171.469,14.892,4.074
40.400,16.735,0.611,171.761,14.902,3.781
40.420,16.771,0.611,172.054,14.916,3.490
40.440,16.803,0.611,172.348,14.933,3.201
40.460,16.831,0.610,172.643,14.953,2.912
40.480,16.857,0.610,172.938,14.975,2.626
40.500,16.881,0.610,173.235,14.997,2.343
40.520,16.904,0.610,173.531,15.000,2.063
40.540,16.927,0.610,173.828,15.000,1.789
40.560,16.951,0.610,174.125,15.000,1.524
40.580,16.976,0.610,174.421,15.000,1.272
40.600,17.004,0.610,174.717,15.000,1.043
40.620,17.034,0.610,175.013,15.000,0.855
40.640,17.065,0.610,175.309,15.000,0.741
40.660,17.098,0.610,175.605,15.000,0.737
40.680,17.132,0.614,175.901,14.980,0.843
40.700,17.159,0.621,176.115,14.186,0.970
40.720,17.197,0.718,176.379,14.237,1.160
40.740,17.235,0.813,176.642,14.197,1.376
40.760,17.274,0.908,176.907,14.345,1.608
40.780,17.313,0.998,177.174,14.134,1.851
40.800,17.352,1.081,177.438,13.935,2.098
40.820,17.391,1.154,177.701,13.746,2.349
40.840,17.429,1.220,177.963,13.570,2.601
40.860,17.467,1.278,178.223,13.405,2.854
40.880,17.505,1.327,178.481,13.252,3.107
40.900,17.543,1.368,178.738,13.111,3.359
40.920,17.580,1.401,178.993,12.982,3.611
40.940,17.618,1.426,179.247,12.866,3.863
40.960,17.655,1.444,179.499,12.763,4.113
40.980,17.691,1.453,179.750,12.672,4.363
41.000,17.728,1.454,179.999,12.594,4.611
41.020,17.764,1.448,180.247,12.528,4.858
41.040,17.800,1.434,180.493,12.475,5.104
41.060,17.836,1.412,180.738,12.435,5.349
41.080,17.872,1.382,180.981,12.407,5.593
41.100,17.907,1.345,181.223,12.391,5.835
41.120,17.943,1.301,181.463,12.387,6.076
41.140,17.978,1.248,181.702,12.396,6.316
41.160,18.013,1.189,181.940,12.416,6.554
41.180,18.047,1.121,182.176,12.447,6.791
41.200,18.082,1.047,182.410,12.490,7.027
41.220,18.116,0.965,182.643,12.544,7.262
41.240,18.150,0.876,182.875,12.608,7.495
41.260,18.179,0.793,183.072,10.867,7.692
41.280,18.212,0.835,183.279,10.843,7.901
41.300,18.247,0.871,183.488,10.984,8.111
41.320,18.281,0.901,183.699,11.063,8.324
41.340,18.314,0.927,183.914,10.951,8.541
41.360,18.348,0.944,184.128,10.853,8.757
41.380,18.381,0.955,184.340,10.981,8.970
41.400,18.411,0.964,184.552,10.968,9.183
41.420,18.438,0.974,184.766,11.078,9.399
41.440,18.463,0.980,184.985,11.001,9.619
41.460,18.487,0.978,185.202,10.939,9.837
41.480,18.511,0.968,185.418,10.891,9.995
41.500,18.535,0.951,185.633,10.857,9.783
41.520,18.558,0.926,185.846,10.837,9.572
41.540,18.582,0.893,186.058,10.831,9.362
41.560,18.605,0.853,186.269,10.840,9.154
41.580,18.629,0.805,186.479,10.861,8.947
41.600,18.652,0.749,186.687,10.896,8.742
41.620,18.675,0.686,186.894,10.944,8.538
41.640,18.697,0.618,187.100,11.137,8.336
41.660,18.710,0.563,187.306,10.988,8.133
41.680,18.713,0.559,187.414,10.568,8.026
41.700,18.709,0.584,187.625,11.031,7.816
41.720,18.702,0.605,187.838,11.083,7.603
41.740,18.692,0.618,188.054,11.134,7.387
41.760,18.681,0.626,188.275,11.315,7.167
41.780,18.668,0.631,188.498,11.413,6.944
41.800,18.655,0.633,188.725,11.597,6.717
41.820,18.642,0.633,188.954,11.693,6.488
41.840,18.630,0.632,189.187,11.867,6.255
41.860,18.618,0.629,189.422,11.952,6.021
41.880,18.607,0.625,189.661,12.119,5.783
41.900,18.597,0.620,189.901,12.164,5.544
41.920,18.586,0.617,190.143,12.312,5.303
41.940,18.576,0.614,190.387,12.396,5.060
41.960,18.567,0.611,190.634,12.530,4.815
41.980,18.557,0.610,190.882,12.618,4.568
42.000,18.548,0.608,191.133,12.736,4.319
42.020,18.539,0.608,191.386,12.828,4.069
42.040,18.530,0.608,191.640,12.932,3.817
42.060,18.521,0.608,191.897,13.023,3.564
42.080,18.512,0.608,192.155,13.118,3.309
42.100,18.503,0.609,192.415,13.206,3.054
42.120,18.492,0.609,192.677,13.292,2.797
42.140,18.479,0.609,192.940,13.372,2.538
42.160,18.462,0.609,193.205,13.448,2.279
42.180,18.440,0.610,193.471,13.517,2.019
42.200,18.413,0.610,193.737,13.581,1.759
42.220,18.381,0.610,194.004,13.640,1.498
42.240,18.342,0.610,194.272,13.693,1.238
42.260,18.295,0.611,194.539,13.725,0.979
42.280,18.241,0.612,194.805,13.777,0.726
42.300,18.178,0.613,195.071,13.807,0.487
42.320,18.108,0.614,195.335,13.854,0.304
42.340,18.029,0.615,195.597,13.888,0.303
42.360,17.941,0.616,195.858,13.920,0.487
42.380,17.843,0.617,196.115,13.946,0.727
42.400,17.736,0.616,196.369,13.972,0.983
42.420,17.619,0.616,196.619,13.987,1.245
42.440,17.492,0.616,196.865,14.010,1.510
42.460,17.355,0.616,197.106,14.027,1.776
42.480,17.209,0.616,197.341,14.044,2.043
42.500,17.053,0.616,197.572,14.059,2.310
42.520,16.889,0.617,197.795,14.052,2.577
42.540,16.716,0.617,198.013,14.078,2.616
42.560,16.537,0.619,198.226,14.083,2.510
42.580,16.350,0.620,198.433,14.114,2.441
42.600,16.157,0.619,198.635,14.153,2.410
42.620,15.958,0.618,198.833,14.174,2.419
42.640,15.754,0.616,199.025,14.201,2.467
42.660,15.546,0.615,199.215,14.232,2.551
42.680,15.334,0.614,199.401,14.270,2.666
42.700,15.119,0.614,199.585,14.308,2.809
42.720,14.902,0.613,199.768,14.349,2.974
42.740,14.683,0.613,199.949,14.390,3.159
42.760,14.461,0.614,200.128,14.422,3.360
42.780,14.235,0.615,200.304,14.464,3.577
42.800,14.006,0.616,200.476,14.491,3.806
42.820,13.772,0.615,200.644,14.528,4.047
42.840,13.534,0.615,200.806,14.536,4.297
42.860,13.292,0.614,200.960,14.551,4.555
42.880,13.045,0.615,201.108,14.548,4.820
42.900,12.793,0.616,201.247,14.562,5.091
42.920,12.536,0.616,201.378,14.562,5.367
42.940,12.274,0.616,201.497,14.549,5.647
42.960,12.008,0.616,201.607,14.554,5.930
42.980,11.738,0.615,201.709,14.580,6.215
43.000,11.465,0.613,201.801,14.560,6.501
43.020,11.189,0.612,201.885,14.568,6.788
43.040,10.911,0.611,201.959,14.568,7.076
43.060,10.631,0.611,202.026,14.565,7.364
43.080,10.349,0.611,202.086,14.583,7.653
43.100,10.065,0.612,202.140,14.601,7.942
43.120,9.779,0.612,202.188,14.623,8.231
43.140,9.493,0.612,202.232,14.648,8.520
43.160,9.205,0.612,202.273,14.676,8.809
43.180,8.917,0.614,202.311,14.700,9.099
43.200,8.627,0.614,202.348,14.739,9.390
43.220,8.337,0.615,202.384,14.766,9.682
43.240,8.046,0.615,202.419,14.802,9.974
43.260,7.755,0.614,202.456,14.822,10.266
43.280,7.463,0.612,202.494,14.860,10.542
43.300,7.171,0.611,202.534,14.873,10.354
43.320,6.879,0.610,202.576,14.903,10.169
43.340,6.587,0.610,202.623,14.916,9.986
43.360,6.295,0.611,202.672,14.946,9.806
43.380,6.004,0.610,202.725,14.972,9.628
43.400,5.713,0.610,202.783,14.979,9.452
43.420,5.423,0.611,202.847,14.986,9.278
43.440,5.135,0.612,202.917,14.999,9.104
43.460,4.848,0.611,202.994,15.000,8.931
43.480,4.563,0.611,203.078,14.998,8.759
43.500,4.280,0.611,203.169,14.998,8.587
43.520,4.000,0.611,203.269,14.995,8.415
43.540,3.724,0.611,203.377,14.991,8.242
43.560,3.451,0.611,203.493,14.985,8.069
43.580,3.182,0.611,203.619,14.979,7.895
43.600,2.918,0.611,203.754,14.971,7.720
43.620,2.659,0.611,203.898,14.962,7.544
43.640,2.407,0.611,204.052,14.952,7.366
43.660,2.160,0.611,204.216,14.942,7.187
43.680,1.921,0.611,204.389,14.929,7.006
43.700,1.689,0.611,204.572,14.918,6.824
43.720,1.464,0.612,204.763,14.906,6.640
43.740,1.247,0.611,204.963,14.894,6.456
43.760,1.039,0.611,205.171,14.882,6.272
43.780,0.838,0.611,205.387,14.871,6.087
43.800,0.646,0.611,205.610,14.859,5.902
43.820,0.464,0.611,205.840,14.847,5.717
43.840,0.290,0.611,206.077,14.836,5.532
43.860,0.125,0.611,206.320,14.824,5.349
43.880,-0.030,0.611,206.568,14.813,5.167
43.900,-0.175,0.611,206.823,14.801,4.986
43.920,-0.311,0.611,207.082,14.790,4.808
43.940,-0.437,0.611,207.346,14.779,4.632
43.960,-0.552,0.611,207.615,14.768,4.460
43.980,-0.658,0.611,207.887,14.757,4.291
44.000,-0.753,0.611,208.163,14.747,4.128
44.020,-0.838,0.611,208.442,14.736,3.969
44.040,-0.912,0.611,208.724,14.726,3.817
44.060,-0.976,0.611,209.008,14.716,3.672
44.080,-1.029,0.611,209.294,14.706,3.536
44.100,-1.072,0.611,209.582,14.696,3.409
44.120,-1.104,0.611,209.871,14.687,3.292
44.140,-1.125,0.611,210.161,14.677,3.188
44.160,-1.136,0.611,210.451,14.668,3.098
44.180,-1.136,0.611,210.741,14.659,3.022
44.200,-1.126,0.611,211.030,14.651,2.963
44.220,-1.107,0.611,211.320,14.647,2.922
44.240,-1.079,0.611,211.608,14.646,2.901
44.260,-1.043,0.611,211.896,14.650,2.901
44.280,-1.000,0.610,212.183,14.659,2.923
44.300,-0.951,0.610,212.469,14.673,2.967
44.320,-0.896,0.610,212.755,14.691,3.033
44.340,-0.837,0.610,213.040,14.712,3.121
44.360,-0.774,0.610,213.325,14.735,3.229
44.380,-0.709,0.610,213.609,14.760,3.358
44.400,-0.641,0.610,213.894,14.787,3.504
44.420,-0.572,0.610,214.179,14.813,3.668
44.440,-0.503,0.610,214.465,14.840,3.847
44.460,-0.434,0.610,214.751,14.866,4.040
44.480,-0.366,0.610,215.038,14.891,4.246
44.500,-0.300,0.610,215.326,14.914,4.464
44.520,-0.236,0.610,215.615,14.937,4.692
44.540,-0.174,0.610,215.904,14.960,4.929
44.560,-0.113,0.610,216.195,14.983,5.173
44.580,-0.055,0.610,216.486,15.000,5.253
44.600,0.003,0.610,216.779,15.000,4.960
44.620,0.058,0.610,217.071,15.000,4.668
44.640,0.113,0.610,217.363,15.000,4.377
44.660,0.167,0.610,217.656,15.000,4.086
44.680,0.219,0.610,217.949,15.000,3.798
44.700,0.271,0.610,218.242,15.000,3.511
44.720,0.322,0.610,218.536,15.000,3.226
44.740,0.372,0.610,218.829,15.000,2.945
44.760,0.421,0.610,219.123,15.000,2.667
44.780,0.470,0.610,219.416,15.000,2.393
44.800,0.518,0.610,219.710,15.000,2.127
44.820,0.566,0.610,220.004,15.000,1.871
44.840,0.613,0.610,220.298,15.000,1.629
44.860,0.659,0.610,220.592,15.000,1.409
44.880,0.706,0.610,220.886,15.000,1.222
44.900,0.752,0.610,221.180,15.000,1.087
44.920,0.797,0.609,221.474,15.000,1.023
44.940,0.842,0.609,221.769,15.000,1.044
44.960,0.887,0.609,222.063,15.000,1.145
44.980,0.932,0.609,222.357,15.000,1.308
45.000,0.977,0.609,222.652,15.000,1.512
45.020,1.021,0.609,222.946,15.000,1.744
45.040,1.065,0.609,223.241,15.000,1.994
45.060,1.109,0.609,223.535,15.000,2.255
45.080,1.153,0.609,223.830,15.000,2.524
45.100,1.196,0.609,224.124,15.000,2.799
45.120,1.240,0.609,224.419,15.000,3.079
45.140,1.283,0.610,224.713,15.000,3.361
45.160,1.326,0.611,225.008,15.000,3.647
45.180,1.370,0.612,225.303,15.000,3.934
45.200,1.413,0.612,225.597,15.000,4.222
45.220,1.456,0.613,225.892,15.000,4.512
45.240,1.499,0.613,226.186,15.000,4.802
45.260,1.541,0.613,226.481,15.000,4.922
45.280,1.584,0.613,226.775,15.000,4.625
45.300,1.626,0.613,227.070,15.000,4.329
45.320,1.669,0.611,227.364,15.000,4.033
45.340,1.711,0.610,227.659,15.000,3.737
45.360,1.753,0.610,227.954,15.000,3.441
45.380,1.796,0.609,228.249,15.000,3.146
45.400,1.838,0.609,228.543,15.000,2.851
45.420,1.880,0.609,228.838,15.000,2.557
45.440,1.920,0.609,229.133,15.000,2.264
45.460,1.959,0.609,229.428,15.000,1.971
45.480,1.993,0.609,229.724,15.000,1.680
45.500,2.024,0.609,230.020,15.000,1.390
45.520,2.050,0.610,230.316,15.000,1.102
45.540,2.069,0.610,230.613,15.000,0.820
45.560,2.082,0.610,230.910,15.000,0.550
45.580,2.087,0.610,231.207,15.000,0.326
45.600,2.085,0.610,231.504,15.000,0.286
45.620,2.074,0.610,231.801,14.999,0.479
45.640,2.055,0.610,232.097,14.998,0.741
45.660,2.029,0.611,232.393,15.000,1.020
45.680,1.997,0.611,232.689,15.000,1.306
45.700,1.960,0.611,232.984,15.000,1.596
45.720,1.919,0.611,233.279,15.000,1.887
45.740,1.874,0.610,233.573,15.000,2.179
45.760,1.828,0.610,233.867,15.000,2.472
45.780,1.780,0.610,234.161,15.000,2.767
45.800,1.733,0.610,234.455,15.000,3.061
45.820,1.687,0.610,234.749,15.000,3.357
45.840,1.642,0.610,235.043,15.000,3.653
45.860,1.599,0.610,235.337,15.000,3.949
45.880,1.556,0.610,235.632,15.000,4.246
45.900,1.514,0.611,235.927,15.000,4.543
45.920,1.474,0.611,236.222,15.000,4.840
45.940,1.433,0.612,236.517,15.000,4.893
45.960,1.394,0.613,236.812,15.000,4.603
45.980,1.356,0.614,237.107,15.000,4.313
46.000,1.317,0.614,237.402,15.000,4.024
46.020,1.279,0.614,237.697,15.000,3.737
46.040,1.241,0.613,237.992,15.000,3.452
46.060,1.204,0.611,238.288,15.000,3.168
46.080,1.167,0.610,238.583,15.000,2.887
46.100,1.130,0.609,238.879,15.000,2.610
46.120,1.095,0.609,239.174,15.000,2.337
46.140,1.062,0.608,239.470,15.000,2.070
46.160,1.032,0.608,239.766,15.000,1.811
46.180,1.007,0.608,240.063,15.000,1.563
46.200,0.986,0.608,240.360,15.000,1.332
46.220,0.972,0.608,240.657,15.000,1.127
46.240,0.964,0.608,240.954,15.000,0.966
46.260,0.964,0.609,241.251,15.000,0.872
46.280,0.972,0.609,241.548,15.000,0.866
46.300,0.985,0.609,241.845,15.000,0.953
46.320,1.004,0.609,242.142,15.000,1.110
46.340,1.027,0.609,242.438,15.000,1.314
46.360,1.053,0.609,242.735,15.000,1.546
46.380,1.082,0.609,243.031,15.000,1.797
46.400,1.112,0.610,243.327,15.000,2.060
46.420,1.142,0.610,243.623,15.000,2.331
46.440,1.171,0.609,243.920,15.000,2.608
46.460,1.200,0.609,244.216,15.000,2.890
46.480,1.227,0.609,244.512,15.000,3.175
46.500,1.254,0.609,244.809,15.000,3.462
46.520,1.280,0.609,245.105,15.000,3.751
46.540,1.306,0.609,245.402,15.000,4.041
46.560,1.331,0.610,245.699,15.000,4.332
46.580,1.356,0.611,245.996,15.000,4.625
46.600,1.380,0.612,246.292,15.000,4.918
46.620,1.404,0.613,246.589,15.000,4.824
46.640,1.428,0.614,246.886,15.000,4.526
46.660,1.451,0.615,247.183,15.000,4.229
46.680,1.474,0.616,247.479,15.000,3.931
46.700,1.496,0.616,247.776,15.000,3.633
46.720,1.518,0.615,248.073,15.000,3.336
46.740,1.540,0.614,248.370,15.000,3.038
46.760,1.561,0.613,248.667,15.000,2.741
46.780,1.583,0.612,248.963,15.000,2.443
46.800,1.604,0.611,249.261,15.000,2.146
46.820,1.625,0.610,249.557,15.000,1.848
46.840,1.645,0.609,249.855,15.000,1.551
46.860,1.666,0.608,250.152,15.000,1.253
46.880,1.686,0.608,250.449,15.000,0.956
46.900,1.707,0.608,250.746,15.000,0.660
46.920,1.727,0.608,251.043,15.000,0.366
46.940,1.747,0.609,251.340,15.000,0.097
46.960,1.767,0.609,251.637,15.000,0.250
46.980,1.788,0.609,251.934,15.000,0.541
47.000,1.808,0.609,252.231,15.000,0.837
47.020,1.827,0.610,252.528,15.000,1.134
47.040,1.844,0.610,252.825,15.000,1.431
47.060,1.858,0.610,253.123,15.000,1.728
47.080,1.871,0.610,253.420,15.000,2.026
47.100,1.883,0.610,253.717,15.000,2.324
47.120,1.895,0.610,254.015,15.000,2.621
47.140,1.906,0.610,254.312,15.000,2.919
47.160,1.917,0.610,254.610,15.000,3.217
47.180,1.925,0.610,254.908,15.000,3.514
47.200,1.932,0.610,255.205,15.000,3.812
47.220,1.940,0.610,255.503,15.000,4.110
47.240,1.948,0.610,255.800,15.000,4.407
47.260,1.957,0.610,256.098,15.000,4.705
47.280,1.965,0.610,256.396,15.000,5.002
47.300,1.973,0.610,256.693,15.000,4.704
47.320,1.982,0.610,256.991,15.000,4.407
47.340,1.991,0.610,257.288,15.000,4.110
47.360,1.999,0.610,257.586,15.000,3.813
47.380,2.008,0.610,257.883,15.000,3.516
47.400,2.017,0.610,258.181,14.786,3.220
47.420,2.026,0.610,258.475,14.582,2.927
47.440,2.035,0.610,258.764,14.376,2.639
47.460,2.044,0.610,259.049,14.174,2.356
47.480,2.052,0.610,259.331,13.972,2.077
47.500,2.061,0.610,259.608,13.772,1.802
47.520,2.069,0.610,259.881,13.573,1.533
